family_id,family_name,entry_pc,verdict,patch_destinations,verified_redirects,semantic_targets,changed_enabled_addresses,semantic_detail
"PAC_FAMILY_003","FirstIntermissionDispatch",0x2108,"PATCH_REDIRECTS_TO_MS_SPECIFIC_ROUTINE","0x2108","0x2108->0x3435","BeginFirstIntermission","0x2108;0x2109;0x210A","The eight-byte daughterboard overlay modifies this Pac-Man family and verified control flow redirects into the named Ms.-specific routine target(s)."
"PAC_FAMILY_004","SecondIntermissionDispatch",0x219E,"PATCH_REDIRECTS_TO_MS_SPECIFIC_ROUTINE","0x21A0","0x21A1->0x344F","BeginSecondIntermission","0x21A1;0x21A2;0x21A3","The eight-byte daughterboard overlay modifies this Pac-Man family and verified control flow redirects into the named Ms.-specific routine target(s)."
"PAC_FAMILY_005","ThirdIntermissionDispatch",0x2297,"PATCH_REDIRECTS_TO_MS_SPECIFIC_ROUTINE","0x2298","0x229A->0x3469","BeginThirdIntermission","0x229A","The eight-byte daughterboard overlay modifies this Pac-Man family and verified control flow redirects into the named Ms.-specific routine target(s)."
"PAC_FAMILY_027","IntermissionSetupPrefix",0x0A2C,"PATCHED_INLINE_OR_DATA_OVERLAY","0x0A30","","","0x0A33;0x0A34","The eight-byte daughterboard overlay modifies instruction/inline-data behavior inside this Pac-Man family without a separately verified redirect target; the Pac-Man family remains the semantic owner of the patched site."
"PAC_FAMILY_035","CreditPresenceTransition",0x0401,"PATCHED_INLINE_OR_DATA_OVERLAY","0x0410","","","","The eight-byte daughterboard overlay modifies instruction/inline-data behavior inside this Pac-Man family without a separately verified redirect target; the Pac-Man family remains the semantic owner of the patched site."
"PAC_FAMILY_036","CreditStateDispatch",0x0413,"PATCH_REDIRECTS_TO_MS_SPECIFIC_ROUTINE","0x0410","0x0413->0x3E5C","UpdateAttractModeController","0x0413;0x0414;0x0415","The eight-byte daughterboard overlay modifies this Pac-Man family and verified control flow redirects into the named Ms.-specific routine target(s)."
"PAC_FAMILY_067","MapBitfieldBuilder",0x2487,"PATCH_REDIRECTS_TO_MS_SPECIFIC_ROUTINE","0x2488;0x24B0","0x248A->0x9481;0x24B4->0x9504","PreparePelletMapForReadback;RestorePowerPelletsForCurrentMaze","0x248A;0x248B;0x248C;0x24B4;0x24B5;0x24B6","The eight-byte daughterboard overlay modifies this Pac-Man family and verified control flow redirects into the named Ms.-specific routine target(s)."
"PAC_FAMILY_071","HudTextRendererCore",0x2C62,"PATCHED_INLINE_OR_DATA_OVERLAY","0x2CC0","","","","The eight-byte daughterboard overlay modifies instruction/inline-data behavior inside this Pac-Man family without a separately verified redirect target; the Pac-Man family remains the semantic owner of the patched site."
"PAC_FAMILY_072","CommandDisplaySetupFirst",0x2CC1,"PATCH_REDIRECTS_TO_MS_SPECIFIC_ROUTINE","0x2CC0","0x2CC1->0x9797","PrepareIntermissionSpriteStateAndChannel1Song","0x2CC1;0x2CC2;0x2CC3","The eight-byte daughterboard overlay modifies this Pac-Man family and verified control flow redirects into the named Ms.-specific routine target(s)."
"PAC_FAMILY_073","CommandDisplaySetupSecond",0x2CCF,"PATCHED_INLINE_OR_DATA_OVERLAY","0x2CD8","","","0x2CDB;0x2CDC","The eight-byte daughterboard overlay modifies instruction/inline-data behavior inside this Pac-Man family without a separately verified redirect target; the Pac-Man family remains the semantic owner of the patched site."
"PAC_FAMILY_074","CommandDisplaySetupThird",0x2CE8,"PATCHED_INLINE_OR_DATA_OVERLAY","0x2CF0","","","0x2CF4;0x2CF5","The eight-byte daughterboard overlay modifies instruction/inline-data behavior inside this Pac-Man family without a separately verified redirect target; the Pac-Man family remains the semantic owner of the patched site."
"PAC_FAMILY_105","CommandEntryBitScan",0x2D44,"PATCH_REDIRECTS_TO_MS_SPECIFIC_ROUTINE","0x2D60","0x2D62->0x364E","SelectSongForCurrentLevel","0x2D62;0x2D63","The eight-byte daughterboard overlay modifies this Pac-Man family and verified control flow redirects into the named Ms.-specific routine target(s)."
"PAC_FAMILY_106","CommandLookupReturn",0x2D64,"PATCHED_INLINE_OR_DATA_OVERLAY","0x2D60","","","0x2D64","The eight-byte daughterboard overlay modifies instruction/inline-data behavior inside this Pac-Man family without a separately verified redirect target; the Pac-Man family remains the semantic owner of the patched site."
"PAC_FAMILY_147","GraphicSelector4D09",0x168C,"PATCH_REDIRECTS_TO_MS_SPECIFIC_ROUTINE","0x1688;0x16B0","0x168C->0x869C","UpdateMsPacSpriteFacingEast","0x168C;0x168D;0x168E;0x168F","The eight-byte daughterboard overlay modifies this Pac-Man family and verified control flow redirects into the named Ms.-specific routine target(s)."
"PAC_FAMILY_148","GraphicSelector4D08",0x16B1,"PATCH_REDIRECTS_TO_MS_SPECIFIC_ROUTINE","0x16B0","0x16B1->0x86B1","UpdateMsPacSpriteFacingSouth","0x16B1;0x16B2;0x16B3;0x16B4","The eight-byte daughterboard overlay modifies this Pac-Man family and verified control flow redirects into the named Ms.-specific routine target(s)."
"PAC_FAMILY_149","GraphicSelector4D09Set7",0x16D6,"PATCH_REDIRECTS_TO_MS_SPECIFIC_ROUTINE","0x16D8","0x16D9->0x86C5","UpdateMsPacSpriteFacingWest","0x16D9;0x16DA;0x16DB;0x16DC","The eight-byte daughterboard overlay modifies this Pac-Man family and verified control flow redirects into the named Ms.-specific routine target(s)."
"PAC_FAMILY_150","GraphicSelector4D08Set6",0x16F7,"PATCH_REDIRECTS_TO_MS_SPECIFIC_ROUTINE","0x16F8","0x16FA->0x86D9","UpdateMsPacSpriteFacingNorth","0x16FA;0x16FB;0x16FC;0x16FD","The eight-byte daughterboard overlay modifies this Pac-Man family and verified control flow redirects into the named Ms.-specific routine target(s)."
"PAC_FAMILY_191","Helper1652",0x1652,"PATCHED_INLINE_OR_DATA_OVERLAY","0x1688","","","","The eight-byte daughterboard overlay modifies instruction/inline-data behavior inside this Pac-Man family without a separately verified redirect target; the Pac-Man family remains the semantic owner of the patched site."
"PAC_FAMILY_200","Utility2415Continuation",0x2415,"PATCHED_INLINE_OR_DATA_OVERLAY","0x2418","","","","The eight-byte daughterboard overlay modifies instruction/inline-data behavior inside this Pac-Man family without a separately verified redirect target; the Pac-Man family remains the semantic owner of the patched site."
"PAC_FAMILY_201","Render24D7Prefix",0x24D7,"PATCH_REDIRECTS_TO_MS_SPECIFIC_ROUTINE","0x24D8","0x24DD->0x9580","ApplyMazeColorPatch","0x24DD;0x24DE;0x24DF","The eight-byte daughterboard overlay modifies this Pac-Man family and verified control flow redirects into the named Ms.-specific routine target(s)."
"PAC_FAMILY_204","Render24F3Tail",0x24F3,"PATCH_REDIRECTS_TO_MS_SPECIFIC_ROUTINE","0x24F8","0x24F9->0x95C3","ApplyEarlyMazeTunnelSlowZones","0x24F9;0x24FA;0x24FB","The eight-byte daughterboard overlay modifies this Pac-Man family and verified control flow redirects into the named Ms.-specific routine target(s)."
"PAC_FAMILY_233","MazeStreamDecoder2419",0x2419,"PATCH_REDIRECTS_TO_MS_SPECIFIC_ROUTINE","0x2418","0x241C->0x946A","SelectMazeAndPrepareRender","0x241C;0x241D;0x241E","The eight-byte daughterboard overlay modifies this Pac-Man family and verified control flow redirects into the named Ms.-specific routine target(s)."
"PAC_FAMILY_257","StartupConfiguration3188",0x3188,"PACMAN_FAMILY_PRESERVED_WITH_U7_ENABLED_VIEW_CHANGE","","","","0x322B;0x322C","The logical Pac-Man family remains the semantic owner; U7 changes only the listed enabled-view bytes, so this is not counted as a new Ms.-specific routine family."
"PAC_FAMILY_260","ColdStateGate08DE",0x08DE,"PATCHED_INLINE_OR_DATA_OVERLAY","0x08E0","","","0x08E1;0x08E2;0x08E3;0x08E4","The eight-byte daughterboard overlay modifies instruction/inline-data behavior inside this Pac-Man family without a separately verified redirect target; the Pac-Man family remains the semantic owner of the patched site."
"PAC_FAMILY_267","ColdActorInit0BD6",0x0BD6,"PATCHED_INLINE_OR_DATA_OVERLAY","0x0BD0","","","","The eight-byte daughterboard overlay modifies instruction/inline-data behavior inside this Pac-Man family without a separately verified redirect target; the Pac-Man family remains the semantic owner of the patched site."
"PAC_FAMILY_269","ColdMilestoneFlags0E6C",0x0E6C,"PATCHED_INLINE_OR_DATA_OVERLAY","0x0EA8","","","","The eight-byte daughterboard overlay modifies instruction/inline-data behavior inside this Pac-Man family without a separately verified redirect target; the Pac-Man family remains the semantic owner of the patched site."
"PAC_FAMILY_270","ColdFlag0EAD",0x0EAD,"PATCH_REDIRECTS_TO_MS_SPECIFIC_ROUTINE","0x0EA8","0x0EAD->0x86EE","UpdateBouncingFruit","0x0EAD;0x0EAE;0x0EAF","The eight-byte daughterboard overlay modifies this Pac-Man family and verified control flow redirects into the named Ms.-specific routine target(s)."
"PAC_FAMILY_273","ColdStateHandlerBank12CB",0x12CB,"PATCHED_INLINE_OR_DATA_OVERLAY","0x1348","","","0x134A","The eight-byte daughterboard overlay modifies instruction/inline-data behavior inside this Pac-Man family without a separately verified redirect target; the Pac-Man family remains the semantic owner of the patched site."
"PAC_FAMILY_277","ColdTileTransform2448",0x2448,"PATCH_REDIRECTS_TO_MS_SPECIFIC_ROUTINE","0x2448;0x2470","0x244B->0x947C;0x2472->0x94EC","PreparePelletMapForDrawing;DrawPowerPelletsForCurrentMaze","0x244B;0x244C;0x244D;0x2472;0x2473;0x2474","The eight-byte daughterboard overlay modifies this Pac-Man family and verified control flow redirects into the named Ms.-specific routine target(s)."
"PAC_FAMILY_282","ColdMotion2730",0x2730,"PATCH_REDIRECTS_TO_MS_SPECIFIC_ROUTINE","0x2748","0x274B->0x9561","ChooseRandomGhostDestination","0x274B;0x274C;0x274D","The eight-byte daughterboard overlay modifies this Pac-Man family and verified control flow redirects into the named Ms.-specific routine target(s)."
"PAC_FAMILY_283","ColdMotion276C",0x276C,"PATCH_REDIRECTS_TO_MS_SPECIFIC_ROUTINE","0x2780","0x2781->0x9561","ChooseRandomGhostDestination","0x2781;0x2782;0x2783","The eight-byte daughterboard overlay modifies this Pac-Man family and verified control flow redirects into the named Ms.-specific routine target(s)."
"PAC_FAMILY_284","ColdMotion27A9",0x27A9,"PATCH_REDIRECTS_TO_MS_SPECIFIC_ROUTINE","0x27B8","0x27BB->0x9559","LoadInkyDirectionForRandomDestination","0x27BB;0x27BC;0x27BD","The eight-byte daughterboard overlay modifies this Pac-Man family and verified control flow redirects into the named Ms.-specific routine target(s)."
"PAC_FAMILY_285","ColdMotion27F1",0x27F1,"PATCH_REDIRECTS_TO_MS_SPECIFIC_ROUTINE","0x2800","0x2803->0x955E","LoadClydeDirectionForRandomDestination","0x2803;0x2804;0x2805","The eight-byte daughterboard overlay modifies this Pac-Man family and verified control flow redirects into the named Ms.-specific routine target(s)."
"PAC_FAMILY_299","ColdExtraLife2B33",0x2B33,"PATCHED_INLINE_OR_DATA_OVERLAY","0x2B30","","","","The eight-byte daughterboard overlay modifies instruction/inline-data behavior inside this Pac-Man family without a separately verified redirect target; the Pac-Man family remains the semantic owner of the patched site."
"PAC_FAMILY_300","ColdFruitHud2BEA",0x2BEA,"PATCH_REDIRECTS_TO_MS_SPECIFIC_ROUTINE","0x2BF0","0x2BF4->0x8793","ClampFruitHistoryDisplayLevel","0x2BF4;0x2BF5;0x2BF6","The eight-byte daughterboard overlay modifies this Pac-Man family and verified control flow redirects into the named Ms.-specific routine target(s)."
"PAC_FAMILY_307","ColdTaskDispatch1000",0x1000,"PATCHED_INLINE_OR_DATA_OVERLAY","0x1000;0x1008","","","0x1004","The eight-byte daughterboard overlay modifies instruction/inline-data behavior inside this Pac-Man family without a separately verified redirect target; the Pac-Man family remains the semantic owner of the patched site."
"PAC_FAMILY_308","ColdTaskDispatch100B",0x100B,"PATCH_REDIRECTS_TO_MS_SPECIFIC_ROUTINE","0x1008","0x100B->0x3678","ClearFruitScoreSprite","0x100B","The eight-byte daughterboard overlay modifies this Pac-Man family and verified control flow redirects into the named Ms.-specific routine target(s)."
"PAC_FAMILY_311","ColdTileCollision205A",0x205A,"PATCH_REDIRECTS_TO_MS_SPECIFIC_ROUTINE","0x2060","0x2060->0x366F","ApplyGhostTunnelSlowFlag","0x2060;0x2061;0x2062;0x2063","The eight-byte daughterboard overlay modifies this Pac-Man family and verified control flow redirects into the named Ms.-specific routine target(s)."
"PAC_FAMILY_349","SystemRootIsland171D",0x171D,"PATCH_REDIRECTS_TO_MS_SPECIFIC_ROUTINE","0x19A8;0x19B8","0x19AD->0x8818","CheckFruitCollisionAndScore","0x19AD;0x19AE;0x19AF;0x19B8;0x19B9;0x19BA;0x19BB;0x19BC","The eight-byte daughterboard overlay modifies this Pac-Man family and verified control flow redirects into the named Ms.-specific routine target(s)."
"PAC_FAMILY_363","SystemRootIsland0AC8",0x0AC8,"PATCHED_INLINE_OR_DATA_OVERLAY","0x0BD0","","","","The eight-byte daughterboard overlay modifies instruction/inline-data behavior inside this Pac-Man family without a separately verified redirect target; the Pac-Man family remains the semantic owner of the patched site."
"PAC_FAMILY_365","SystemRootIsland0C15",0x0C15,"PATCH_REDIRECTS_TO_MS_SPECIFIC_ROUTINE","0x0C20","0x0C21->0x9524","FlashPowerPelletsForCurrentMaze","0x0C21;0x0C22;0x0C23","The eight-byte daughterboard overlay modifies this Pac-Man family and verified control flow redirects into the named Ms.-specific routine target(s)."
"PAC_FAMILY_368","SystemRootIsland0E3B",0x0E3B,"PATCHED_INLINE_OR_DATA_OVERLAY","0x0E58","","","0x0E5C;0x0E5D","The eight-byte daughterboard overlay modifies instruction/inline-data behavior inside this Pac-Man family without a separately verified redirect target; the Pac-Man family remains the semantic owner of the patched site."
"PAC_FAMILY_377","SystemRootIsland1277",0x1277,"PATCHED_INLINE_OR_DATA_OVERLAY","0x1288","","","","The eight-byte daughterboard overlay modifies instruction/inline-data behavior inside this Pac-Man family without a separately verified redirect target; the Pac-Man family remains the semantic owner of the patched site."
