family_id,entry_pc,source_pc_count,source_pcs,subsystem,semantic_status,human_role,evidence,pending_reason
FAMILY_001,$0000,4,$0000 $0001 $0003 $0005,interrupt/startup,COMPLETE,Reset Entry,"reset entry: DI, IM2 page initialization, and direct boot transfer elevated from exact generated-code execution model operations",
FAMILY_002,$06BE,2,$06BE $06C1,intermission/attract,COMPLETE,Global Game State Dispatch,intermission analysis $4E04 global-state dispatch table implements the game-state dispatch boundary,
FAMILY_003,$0A3B,5,$0A3B $0A3E $0A40 $0A42 $0A44,intermission/attract,COMPLETE,Intermission Select Dispatch,intermission analysis proves $4E13 clamp-to-$14 and exhaustive 21-entry intermission selector table,
FAMILY_004,$2108,2,$2108 $210B,intermission/attract,COMPLETE,First Intermission Dispatch,intermission analysis proves seven-state first-intermission dispatcher,
FAMILY_005,$219E,3,$219E $21A1 $21A5,intermission/attract,COMPLETE,Second Intermission Dispatch,intermission analysis implements fourteen-state second-intermission dispatcher and its IY=$41D2 setup,
FAMILY_006,$2297,2,$2297 $229A,intermission/attract,COMPLETE,Third Intermission Dispatch,intermission analysis proves six-state third-intermission dispatcher,
FAMILY_007,$260F,36,$260F $2612 $2615 $2618 $261B $261E $2621 $2624 $2627 $262A $262D $2630 $2633 $2636 $2639 $263C $263F $2642 $2645 $2648 $264B $264E $2651 $2654 $2657 $265A $265D $265F $2661 $2662 $2665 $2668 $266B $266E $2671 $2674,maze/tile/collision,COMPLETE,Intermission Actor Initialization,maze-topology/intermission analysis lifecycle proof identifies the complete intermission actor/ghost state initializer; writes are elevated to named state-oriented C++,
FAMILY_008,$2675,8,$2675 $2678 $267B $267E $2681 $2684 $2687 $268A,intermission/attract,COMPLETE,Intermission Actor Clear,clears the intermission actor state fields initialized by the companion setup routine,
FAMILY_009,$212B,3,$212B $212E $212F,intermission/attract,COMPLETE,First Intermission State Advance,intermission analysis delayed scheduler proves command 7 targets only the first-intermission state advance,
FAMILY_010,$21F0,3,$21F0 $21F3 $21F4,intermission/attract,COMPLETE,Second Intermission State Advance,intermission analysis delayed scheduler proves command 8 targets only the second-intermission state advance,
FAMILY_011,$22B9,3,$22B9 $22BC $22BD,intermission/attract,COMPLETE,Third Intermission State Advance,intermission analysis delayed scheduler proves command 9 targets only the third-intermission state advance,
FAMILY_012,$0028,7,$0028 $0029 $002A $002B $002C $002D $002E,intermission/attract,COMPLETE,Task Queue Restart Front,intermission analysis RST $28 task enqueue front-end,
FAMILY_013,$0042,9,$0042 $0045 $0046 $0047 $0048 $0049 $004B $004D $0050,intermission/attract,COMPLETE,Task Queue Append Core,intermission analysis appends a two-byte task record to the scheduler queue and wraps the queue pointer at the ring boundary,
FAMILY_014,$0030,3,$0030 $0033 $0035,intermission/attract,COMPLETE,Delayed Command Prepare,intermission analysis delayed-command queue scan setup,
FAMILY_015,$0051,16,$0051 $0052 $0053 $0055 $0056 $0057 $0058 $005A $005B $005C $005E $005F $0060 $0061 $0062 $0064,intermission/attract,COMPLETE,Delayed Command Core,intermission analysis delayed-command slot scan/copy core,
FAMILY_016,$0879,4,$0879 $087C $087D $087F,intermission/attract,COMPLETE,Attract Initialize Prefix,global-state 0 lifecycle initializer prefix and 11-byte state clear,
FAMILY_017,$0883,6,$0883 $0886 $0889 $088C $088F $0892,intermission/attract,COMPLETE,Attract Initialize Copy,global-state 0 pointer snapshot plus exact 46-byte state copy,
FAMILY_018,$0894,3,$0894 $0897 $0898,game-state/control,COMPLETE,Global State Advance,shared top-level state advance helper,
FAMILY_019,$0899,20,$0899 $089C $089D $089F $08A1 $08A4 $08A5 $08A8 $08AB $08AE $08B1 $08B4 $08B7 $08BB $08BF $08C2 $08C3 $08C6 $08C7 $08CA,intermission/attract,COMPLETE,Attract State One,global-state 1 attract/task/delayed-command lifecycle body,
FAMILY_020,$08CD,7,$08CD $08D0 $08D2 $08D5 $08D8 $08DA $08DD,utility/other,COMPLETE,Rack Advance Input Gate,top-level IN0 bit-4 Rack Advance diagnostic gate,
FAMILY_021,$090D,2,$090D $090F,coin/credit/session,COMPLETE,Start State Prepare Prefix,start-state player/session marker before retained map helper,
FAMILY_022,$0915,21,$0915 $0918 $0919 $091C $091D $091F $0922 $0923 $0925 $0928 $0929 $092B $092E $0930 $0931 $0933 $0936 $0939 $093D $093E $093F,scheduler/task,COMPLETE,Start State Continuation,"start-state post-helper decision tree, scheduler enqueue, and state advance",
FAMILY_023,$0972,9,$0972 $0973 $0976 $0979 $097C $097F $0982 $0984 $0987,interrupt/startup,COMPLETE,Session Reset Lifecycle,resets session state to the baseline used when beginning a new game or attract sequence,
FAMILY_024,$0988,27,$0988 $098B $098E $0991 $0994 $0997 $099A $099D $09A0 $09A3 $09A6 $09A9 $09AC $09AE $09B0 $09B3 $09B6 $09BA $09BD $09BE $09C0 $09C4 $09C7 $09C8 $09CB $09CC $09CF,coin/credit/session,COMPLETE,Attract Task Batch,queues the attract/session task batch and applies the associated sound-enable state,
FAMILY_025,$09D2,3,$09D2 $09D4 $09D7,game-state/control,COMPLETE,Set Global State Three,top-level state 3 selector helper,
FAMILY_026,$09D8,7,$09D8 $09DC $09DF $09E0 $09E1 $09E4 $09E7,actor/ghost/motion,COMPLETE,Delayed Advance And Clear,"delayed command scheduling, state advance, and actor-state clears",
FAMILY_027,$0A0E,11,$0A0E $0A11 $0A14 $0A17 $0A1A $0A1D $0A20 $0A23 $0A27 $0A2A $0A2B,coin/credit/session,COMPLETE,Intermission Setup Task Batch,intermission/session setup task batch plus global-state advance,
FAMILY_028,$0A2C,6,$0A2C $0A2D $0A30 $0A33 $0A35 $0A38,intermission/attract,COMPLETE,Intermission Setup Prefix,intermission actor flags initialized before selector dispatch,
FAMILY_029,$0A6F,7,$0A6F $0A72 $0A73 $0A74 $0A75 $0A78 $0A7B,intermission/attract,COMPLETE,No Intermission Exit,no-intermission lifecycle exit and two-step global-state advance,
FAMILY_030,$0A7C,6,$0A7C $0A7D $0A80 $0A83 $0A85 $0A88,interrupt/startup,COMPLETE,Intermission Cleanup Prefix,intermission cleanup state reset and seven-byte clear,
FAMILY_031,$24C9,8,$24C9 $24CC $24CE $24D0 $24D1 $24D3 $24D5 $24D6,game-state/control,COMPLETE,State Field Clear Routine,initializes the lifecycle-state block with 30 bytes of $FF followed by four bytes of $14,
FAMILY_032,$0A8C,11,$0A8C $0A8F $0A90 $0A93 $0A94 $0A97 $0A98 $0A9A $0A9B $0A9C $0A9F,intermission/attract,COMPLETE,Intermission Cleanup Advance,post-cleanup global/intermission state advance and pointer selection,
FAMILY_033,$0AA0,1,$0AA0,intermission/attract,COMPLETE,Attract Task Batch Redirect,direct top-level redirect to attract-task routine,
FAMILY_034,$0AA3,1,$0AA3,game-state/control,COMPLETE,Set Global State Three Redirect,direct top-level redirect to state-3 helper,
FAMILY_035,$03C8,2,$03C8 $03CB,scheduler/task,COMPLETE,Main Mode Dispatch,top-level main-mode selector load plus RST $20 table-dispatch transfer; table helper remains an explicit adjacent routine,
FAMILY_036,$0401,9,$0401 $0404 $0405 $0407 $0408 $040B $040E $0411 $0412,coin/credit/session,COMPLETE,Credit Presence Transition,credit-present transition that clears start substate fields and advances the main-mode state,
FAMILY_037,$0413,2,$0413 $0416,coin/credit/session,COMPLETE,Credit State Dispatch,credit/start state selector load plus RST $20 dispatch transfer,
FAMILY_038,$05E5,2,$05E5 $05E8,scheduler/task,COMPLETE,Start Substate Dispatch,start-screen substate selector load plus RST $20 dispatch transfer,
FAMILY_039,$061E,6,$061E $0621 $0623 $0625 $0627 $0629,coin/credit/session,COMPLETE,Credit Start Prompt,credit-count-dependent start prompt selector and retained $2C5E display-helper call boundary,
FAMILY_040,$062C,9,$062C $062F $0631 $0634 $0636 $0638 $063A $063C $063F,coin/credit/session,COMPLETE,Two Player Start Gate,"actual IN1 Start2 gate, including two-player marker write and one-player fall-through when Start2 is unavailable/unpressed",
FAMILY_041,$0642,4,$0642 $0644 $0645 $0646,coin/credit/session,COMPLETE,One Player Start Gate,actual IN1 Start1 bit-5 gate and one-player marker write,
FAMILY_042,$0649,13,$0649 $064C $064D $064F $0652 $0653 $0656 $0658 $065A $065B $065D $065E $0661,coin/credit/session,COMPLETE,Credit Deduction Refresh,free-play/one-player/two-player packed-BCD credit deduction and retained credit-display helper call,
FAMILY_043,$0664,8,$0664 $0667 $0668 $0669 $066C $066D $0670 $0673,coin/credit/session,COMPLETE,Start Session Finalization,"start substate advance, gameplay marker clear, actor enable fields, and return into the existing session lifecycle",
FAMILY_044,$0674,1,$0674,coin/credit/session,COMPLETE,Session Init Task Post00,"naturally reached post-Start RST $28 task-post callsite; inline payload $00,$01 remains source data consumed by the existing lifecycle/scheduler logic task helper",
FAMILY_045,$0677,1,$0677,coin/credit/session,COMPLETE,Session Init Task Post01,"post-Start RST $28 task-post callsite with inline payload $01,$01",
FAMILY_046,$067A,1,$067A,coin/credit/session,COMPLETE,Session Init Task Post02,"post-Start RST $28 task-post callsite with inline payload $02,$00",
FAMILY_047,$067D,1,$067D,coin/credit/session,COMPLETE,Session Init Task Post12,"post-Start RST $28 task-post callsite with inline payload $12,$00",
FAMILY_048,$0680,1,$0680,coin/credit/session,COMPLETE,Session Init Task Post03,"post-Start RST $28 task-post callsite with inline payload $03,$00",
FAMILY_049,$0683,1,$0683,coin/credit/session,COMPLETE,QueuePlayerOneLabelDrawTask,Instruction behavior and known callers/consumers identify this role.,
FAMILY_050,$0686,1,$0686,coin/credit/session,COMPLETE,QueueReadyMessageDrawTask,Instruction behavior and known callers/consumers identify this role.,
FAMILY_051,$0689,1,$0689,coin/credit/session,COMPLETE,Session Init Task Post18,"post-Start RST $28 task-post callsite with inline payload $18,$00",
FAMILY_052,$068C,1,$068C,coin/credit/session,COMPLETE,Session Init Task Post1 B,"post-Start RST $28 task-post callsite with inline payload $1B,$00",
FAMILY_053,$068F,5,$068F $0690 $0693 $0696 $0699,coin/credit/session,COMPLETE,Session Player State Init,zeroes the session level byte at $4E13 and copies configured lives $4E6F into both player/session life-state bytes $4E14/$4E15,
FAMILY_054,$069C,1,$069C,coin/credit/session,COMPLETE,Session Init Task Post1 A,"final immediate post-Start RST $28 task-post callsite with inline payload $1A,$00",
FAMILY_055,$069F,1,$069F,coin/credit/session,COMPLETE,Session Init Delayed Command,"post-Start RST $30 delayed-command callsite; inline payload $57,$01,$00 is consumed by the existing lifecycle/scheduler logic delayed-command helper and resumes at $06A3",
FAMILY_056,$06A3,3,$06A3 $06A6 $06A7,coin/credit/session,COMPLETE,Session Init Substate Advance,advances start/session substate $4E03 after initialization scheduling and returns to the caller,
FAMILY_057,$06A8,3,$06A8 $06AB $06AC,coin/credit/session,COMPLETE,DecrementLifeThenPrepareMazeHud,Instruction behavior and known callers/consumers identify this role.,
FAMILY_058,$06AF,7,$06AF $06B0 $06B3 $06B6 $06B9 $06BC $06BD,coin/credit/session,COMPLETE,Session Mode Advance Completion,"post-$2B6A completion: clear $4E03/$4E02/$4E04, advance top-level mode $4E00, and return with exact flag/stack continuation",
FAMILY_059,$0880,1,$0880,intermission/attract,COMPLETE,InitializePelletOccupancyForAttractState,Instruction behavior and known callers/consumers identify this role.,
FAMILY_060,$0912,1,$0912,game-state/control,COMPLETE,RebuildPelletMapForActivePlayerStart,Instruction behavior and known callers/consumers identify this role.,
FAMILY_061,$2B6A,4,$2B6A $2B6D $2B6F $2B70,maze/tile/collision,COMPLETE,Maze Preparation Mode Gate,"naturally reached maze-preparation mode gate: early RET when $4E00==1, otherwise CALL the inline rectangle-fill helper at $2BCD with exact $2B73 payload continuation",
FAMILY_062,$2BCD,25,$2BCD $2BCE $2BCF $2BD0 $2BD1 $2BD2 $2BD3 $2BD4 $2BD5 $2BD6 $2BD7 $2BD8 $2BD9 $2BDA $2BDD $2BDE $2BDF $2BE0 $2BE1 $2BE3 $2BE4 $2BE5 $2BE6 $2BE7 $2BE9,maze/tile/collision,COMPLETE,FillInlineColorRectangleRows,Instruction behavior and known callers/consumers identify this role.,
FAMILY_063,$2B78,3,$2B78 $2B7B $2B7C,coin/credit/session,COMPLETE,Maze Preparation Lives Tail,post-rectangle maze-preparation tail loads current lives from $4E15 and jumps to the existing lives-display path at $2B4A,
FAMILY_064,$2B4A,19,$2B4A $2B4D $2B4F $2B50 $2B51 $2B53 $2B55 $2B57 $2B59 $2B5C $2B5D $2B5E $2B5F $2B61 $2B62 $2B63 $2B66 $2B67 $2B68,coin/credit/session,COMPLETE,Lives Display Control,"handles lives-display cases for B=0, B=1..5, and B>=6, including the nested display-helper call",
FAMILY_065,$2B7E,1,$2B7E,utility/other,COMPLETE,Constant Two By Two Writer,constant-$40 2x2 writer setup entry; one-op instruction prefix falls through to the separately callable $2B80 core,
FAMILY_066,$2B80,13,$2B80 $2B81 $2B82 $2B83 $2B84 $2B85 $2B88 $2B89 $2B8A $2B8B $2B8C $2B8D $2B8E,video/display,COMPLETE,Constant Two By Two Core,"callable constant 2x2 video-writer core with exact stack, HL/DE restoration, ADD-HL flags, write order, and RET continuation",
FAMILY_067,$2B8F,16,$2B8F $2B90 $2B91 $2B94 $2B95 $2B96 $2B97 $2B98 $2B99 $2B9A $2B9B $2B9C $2B9D $2B9E $2B9F $2BA0,video/display,COMPLETE,Incrementing Two By Two Writer,"incrementing 2x2 video writer with exact four-cell order, A progression, stack effects, flags, restored HL/DE, and RET",
FAMILY_068,$2487,30,$2487 $248A $248E $2492 $2494 $2496 $2498 $249B $249C $249D $249F $24A0 $24A2 $24A3 $24A7 $24A9 $24AA $24AC $24AE $24AF $24B1 $24B4 $24B7 $24B9 $24BC $24BE $24C1 $24C3 $24C6 $24C8,utility/other,COMPLETE,Map Bitfield Builder,"full 30x8 map/bitfield build loop: IY-indexed table reads, HL/DE accumulation, SCF/CCF + RL (IX+d), exact B/C loop flags, four LDI copies, and RET continuation",
FAMILY_069,$2BA1,7,$2BA1 $2BA4 $2BA6 $2BA8 $2BAA $2BAD $2BAF,coin/credit/session,COMPLETE,Credit Display Dispatch,HUD path: credit free-play/normal dispatch selects B=2 JP or B=1 CALL into $2C5E with exact stack/continuation semantics,
FAMILY_070,$2BB2,14,$2BB2 $2BB5 $2BB7 $2BB9 $2BBA $2BBB $2BBC $2BBD $2BBF $2BC2 $2BC5 $2BC7 $2BC9 $2BCC,coin/credit/session,COMPLETE,Credit Display Digits,connected HUD continuation: renders packed-BCD credit tens/ones into $4034/$4033 with exact RRCA/AND/ADD flags and RET,
FAMILY_071,$2C5E,2,$2C5E $2C61,score/fruit/hud,COMPLETE,Hud Text Renderer Entry,HUD text-renderer entry and RST-$18 descriptor lookup path; returns through separate $2C62 core so RST-$18 continues through the established return path,
FAMILY_072,$2C62,52,$2C62 $2C63 $2C64 $2C65 $2C69 $2C6B $2C6D $2C70 $2C72 $2C75 $2C77 $2C79 $2C7C $2C7D $2C7E $2C81 $2C82 $2C84 $2C85 $2C87 $2C89 $2C8C $2C8D $2C8F $2C90 $2C92 $2C93 $2C95 $2C96 $2C97 $2C9A $2C9B $2C9E $2C9F $2CA1 $2CA3 $2CA4 $2CA7 $2CA9 $2CAB $2CAC $2CAD $2CAF $2CB1 $2CB5 $2CB6 $2CB8 $2CB9 $2CBB $2CBC $2CBD $2CBF,score/fruit/hud,COMPLETE,Hud Text Renderer Core,"complete post-RST HUD text renderer: descriptor offset, both screen strides, normal-copy and blank-fill first phases, CPIR delimiter scan, positive/negative terminal paths, exact IX/HL/BC/flags/stack continuation",
FAMILY_073,$2CC1,4,$2CC1 $2CC4 $2CC8 $2CCC,scheduler/task,COMPLETE,Command Display Setup First,first command-display setup for $3BC8/$4ECC/$4E8C and exact CALL $2D44 path,
FAMILY_074,$2CCF,10,$2CCF $2CD0 $2CD3 $2CD4 $2CD6 $2CD7 $2CDA $2CDD $2CE1 $2CE5,scheduler/task,COMPLETE,Command Display Setup Second,"first $2D44 continuation, conditional $4E91 update, then second command-display setup/call",
FAMILY_075,$2CE8,10,$2CE8 $2CE9 $2CEC $2CED $2CEF $2CF0 $2CF3 $2CF6 $2CFA $2CFE,scheduler/task,COMPLETE,Command Display Setup Third,"second $2D44 continuation, conditional $4E96 update, then third command-display setup/call",
FAMILY_076,$2D01,7,$2D01 $2D02 $2D05 $2D06 $2D07 $2D08 $2D0B,scheduler/task,COMPLETE,Command Display Finalize,final $2D44 continuation with conditional early RET or $4E9B update and RET,
FAMILY_077,$2D0C,4,$2D0C $2D0F $2D13 $2D17,game-state/control,COMPLETE,Board State Setup First,first board-state record setup for $3B30/$4E9C/$4E8C and exact CALL $2DEE path,
FAMILY_078,$2D1A,5,$2D1A $2D1D $2D20 $2D24 $2D28,game-state/control,COMPLETE,Board State Setup Second,first $2DEE continuation stores $4E91 then configures/calls the second record bank,
FAMILY_079,$2D2B,5,$2D2B $2D2E $2D31 $2D35 $2D39,game-state/control,COMPLETE,Board State Setup Third,second $2DEE continuation stores $4E96 then configures/calls the third record bank,
FAMILY_080,$2D3C,4,$2D3C $2D3F $2D40 $2D43,game-state/control,COMPLETE,Board State Setup Finalize,"final $2DEE continuation stores $4E9B, clears $4E90 with exact XOR flags, and returns",
FAMILY_081,$2DEE,3,$2DEE $2DF1 $2DF2,interrupt/startup,COMPLETE,Board Interpreter Entry,shared board interpreter active-mask gate; clean split to reset $2DF4 or record activation $2E1B,
FAMILY_082,$2DF4,13,$2DF4 $2DF7 $2DF8 $2DF9 $2DFD $2E01 $2E05 $2E09 $2E0D $2E11 $2E15 $2E19 $2E1A,interrupt/startup,COMPLETE,Board Inactive Reset,"inactive-board reset path including conditional RET, IX record clear, IY output clear, XOR flags and RET",
FAMILY_083,$2E1B,47,$2E1B $2E1C $2E1E $2E20 $2E21 $2E22 $2E24 $2E26 $2E28 $2E29 $2E2C $2E2D $2E2F $2E32 $2E33 $2E34 $2E35 $2E36 $2E37 $2E38 $2E3A $2E3B $2E3C $2E3E $2E3F $2E40 $2E41 $2E42 $2E45 $2E47 $2E48 $2E4B $2E4D $2E50 $2E53 $2E56 $2E59 $2E5A $2E5B $2E5C $2E5D $2E5E $2E60 $2E63 $2E65 $2E67 $2E6A,utility/other,COMPLETE,Board Record Activate,"one-hot record selection, exact 8-byte LDIR activation copy, countdown/field initialization and split to $2E6E",
FAMILY_084,$2E6E,36,$2E6E $2E71 $2E73 $2E76 $2E77 $2E79 $2E7C $2E7E $2E7F $2E80 $2E83 $2E86 $2E89 $2E8C $2E8E $2E91 $2E95 $2E97 $2E9A $2E9C $2E9F $2EA3 $2EA7 $2EA9 $2EAD $2EB0 $2EB3 $2EB6 $2EB9 $2EBC $2EBF $2EC2 $2EC3 $2EC6 $2EC8 $2ECA,actor/ghost/motion,COMPLETE,Board Countdown Motion,"countdown, active-mask toggle/re-entry, signed motion updates, indexed BIT/SET/RES state and split to $2ECD",
FAMILY_085,$2ECD,12,$2ECD $2ED0 $2ED3 $2ED6 $2ED7 $2ED9 $2EDC $2EDE $2EE0 $2EE1 $2EE2 $2EE3,utility/other,COMPLETE,Board Position Accumulate,position accumulator and shift-count extraction; preserves independent $2EE4/$2EE8 mid-entry paths,
FAMILY_086,$2EE4,3,$2EE4 $2EE5 $2EE6,scheduler/task,COMPLETE,Board Scale Shift,callable scaling continuation used by both board and command interpreters; exact ADD-HL flags and DJNZ loop,
FAMILY_087,$2EE8,16,$2EE8 $2EEB $2EEC $2EED $2EEE $2EEF $2EF0 $2EF3 $2EF6 $2EF7 $2EF8 $2EF9 $2EFA $2EFB $2EFE $2F01,scheduler/task,COMPLETE,Board Output Pack,IY four-byte output packing then exact RST-$20 dispatch path at the embedded $2F02 table,
FAMILY_088,$2F22,2,$2F22 $2F25,utility/other,COMPLETE,Board Handler Value Read,RST-$20 handler 0: return IX+15 value,
FAMILY_089,$2F26,2,$2F26 $2F29,utility/other,COMPLETE,Board Handler Countdown Direct,RST-$20 handler 1 prefix: direct countdown path to shared $2F34 core,
FAMILY_090,$2F2B,2,$2F2B $2F2E,utility/other,COMPLETE,Board Handler Countdown Every2,"RST-$20 handler 2: frame-bit-0 cadence gate, preserving AND flags into $2F30",
FAMILY_091,$2F30,2,$2F30 $2F33,utility/other,COMPLETE,Board Handler Countdown Gate,shared cadence gate: load IX+15 and conditional RET using incoming frame-mask flags,
FAMILY_092,$2F34,5,$2F34 $2F36 $2F37 $2F38 $2F3B,utility/other,COMPLETE,Board Handler Countdown Core,shared low-nibble countdown decrement/RET core,
FAMILY_093,$2F3C,3,$2F3C $2F3F $2F41,utility/other,COMPLETE,Board Handler Countdown Every4,RST-$20 handler 3: frame-mask 3 cadence path to $2F30,
FAMILY_094,$2F43,3,$2F43 $2F46 $2F48,utility/other,COMPLETE,Board Handler Countdown Every8,RST-$20 handler 4: frame-mask 7 cadence path to $2F30,
FAMILY_095,$2F4A,1,$2F4A,utility/other,COMPLETE,Board Handler Noop0,RST-$20 handler 5 no-op RET,
FAMILY_096,$2F4B,1,$2F4B,utility/other,COMPLETE,Board Handler Noop1,RST-$20 handler 6 no-op RET,
FAMILY_097,$2F4C,1,$2F4C,utility/other,COMPLETE,Board Handler Noop2,RST-$20 handler 7 no-op RET,
FAMILY_098,$2F4D,1,$2F4D,utility/other,COMPLETE,Board Handler Noop3,RST-$20 handler 8 no-op RET,
FAMILY_099,$2F4E,1,$2F4E,utility/other,COMPLETE,Board Handler Noop4,RST-$20 handler 9 no-op RET,
FAMILY_100,$2F4F,1,$2F4F,utility/other,COMPLETE,Board Handler Noop5,RST-$20 handler 10 no-op RET,
FAMILY_101,$2F50,1,$2F50,utility/other,COMPLETE,Board Handler Noop6,RST-$20 handler 11 no-op RET,
FAMILY_102,$2F51,1,$2F51,utility/other,COMPLETE,Board Handler Noop7,RST-$20 handler 12 no-op RET,
FAMILY_103,$2F52,1,$2F52,utility/other,COMPLETE,Board Handler Noop8,RST-$20 handler 13 no-op RET,
FAMILY_104,$2F53,1,$2F53,utility/other,COMPLETE,Board Handler Noop9,RST-$20 handler 14 no-op RET,
FAMILY_105,$2F54,1,$2F54,utility/other,COMPLETE,Board Handler Noop10,RST-$20 handler 15 no-op RET,
FAMILY_106,$2D44,20,$2D44 $2D47 $2D48 $2D4B $2D4C $2D4E $2D50 $2D51 $2D52 $2D54 $2D56 $2D58 $2D59 $2D5C $2D5D $2D5F $2D62 $2D63 $2D66 $2D69,scheduler/task,COMPLETE,Command Entry Bit Scan,"command active-mask bit scan, one-hot selection, RST-$18 descriptor lookup path, or countdown convergence to $2DD7/$2D6C",
FAMILY_107,$2D64,1,$2D64,scheduler/task,COMPLETE,Command Lookup Return,independent post-RST-$18 return path; exact jump to command fetch at $2D72,
FAMILY_108,$2D6C,2,$2D6C $2D6F,scheduler/task,COMPLETE,Command Pointer Reload,shared post-handler return path; reload saved command pointer from IX+6/IX+7 before $2D72 fetch,
FAMILY_109,$2D72,10,$2D72 $2D73 $2D74 $2D77 $2D7A $2D7C $2D7E $2D81 $2D82 $2D84,scheduler/task,COMPLETE,Command Fetch Dispatch,command byte fetch/pointer advance; ordinary-token split to $2DA5 or RST-$20 dispatch through embedded $2D85 table data,
FAMILY_110,$2DA5,17,$2DA5 $2DA6 $2DA8 $2DAA $2DAD $2DB0 $2DB3 $2DB5 $2DB7 $2DB9 $2DBC $2DBD $2DBE $2DBF $2DC0 $2DC2 $2DC5,scheduler/task,COMPLETE,Command Token Setup,ordinary token record-field setup and exact RST-$10 speed-table lookup path,
FAMILY_111,$2DC6,7,$2DC6 $2DC9 $2DCA $2DCC $2DCE $2DD0 $2DD3,scheduler/task,COMPLETE,Command Post Speed Lookup,"post-RST-$10 speed result write, zero-duration convergence or second RST-$10 duration-table lookup",
FAMILY_112,$2DD4,1,$2DD4,scheduler/task,COMPLETE,Command Post Duration Lookup,post-second-RST-$10 duration result write; converges on shared command output pack,
FAMILY_113,$2DD7,9,$2DD7 $2DDA $2DDC $2DDF $2DE1 $2DE3 $2DE5 $2DE8 $2DEB,scheduler/task,COMPLETE,Command Output Pack,command output position/scale setup with clean jumps into existing $2EE4/$2EE8 continuations,
FAMILY_114,$2F55,8,$2F55 $2F58 $2F5B $2F5C $2F5F $2F60 $2F61 $2F64,scheduler/task,COMPLETE,Command Handler Pointer Replace,RST-$20 command F0 handler: replace IX+6/IX+7 saved stream pointer from little-endian payload then RET,
FAMILY_115,$2F65,8,$2F65 $2F68 $2F6B $2F6C $2F6D $2F70 $2F73 $2F76,scheduler/task,COMPLETE,Command Handler Field3,RST-$20 command F1 handler: consume one payload byte into IX+3 and advance saved stream pointer,
FAMILY_116,$2F77,8,$2F77 $2F7A $2F7D $2F7E $2F7F $2F82 $2F85 $2F88,scheduler/task,COMPLETE,Command Handler Field4,RST-$20 command F2 handler: consume one payload byte into IX+4 and advance saved stream pointer,
FAMILY_117,$2F89,8,$2F89 $2F8C $2F8F $2F90 $2F91 $2F94 $2F97 $2F9A,scheduler/task,COMPLETE,Command Handler Field9,RST-$20 command F3 handler: consume one payload byte into IX+9 and advance saved stream pointer,
FAMILY_118,$2F9B,8,$2F9B $2F9E $2FA1 $2FA2 $2FA3 $2FA6 $2FA9 $2FAC,scheduler/task,COMPLETE,Command Handler Field11,RST-$20 command F4 handler: consume one payload byte into IX+11 and advance saved stream pointer,
FAMILY_119,$2FAD,5,$2FAD $2FB0 $2FB1 $2FB4 $2FB7,interrupt/startup,COMPLETE,Command Handler Reset,RST-$20 command FF handler: clear current active bit through IX+2 mask and jump to existing $2DF4 reset path,
FAMILY_120,$0010,7,$0010 $0011 $0012 $0014 $0015 $0016 $0017,utility/other,COMPLETE,Rst10 Indexed Lookup,RST-$10 unsigned A+HL indexed byte lookup with exact carry propagation into the high byte and RET stack semantics,
FAMILY_121,$0018,3,$0018 $0019 $001A,utility/other,COMPLETE,Rst18 Descriptor Prelude,RST-$18 selector prelude: A=2*B then nested RST-$10 with explicit $001B continuation,
FAMILY_122,$001B,5,$001B $001C $001D $001E $001F,utility/other,COMPLETE,Rst18 Descriptor Return,"RST-$18 post-lookup path: form little-endian descriptor target from low byte A/high byte (HL+1), exchange into HL and RET",
FAMILY_123,$0020,3,$0020 $0021 $0022,scheduler/task,COMPLETE,Rst20 Dispatch Prelude,"RST-$20 inline dispatch prelude: POP inline table base, scale A by two and nested RST-$10 with explicit $0023 continuation",
FAMILY_124,$0023,5,$0023 $0024 $0025 $0026 $0027,scheduler/task,COMPLETE,Rst20 Dispatch Return,RST-$20 post-lookup path: assemble dispatch target and JP (HL) without consuming an additional return word,
FAMILY_125,$01BC,1,$01BC,interrupt/startup,COMPLETE,ProcessMusicWaveChannels,Instruction behavior and known callers/consumers identify this role.,
FAMILY_126,$01BF,16,$01BF $01C1 $01C3 $01C4 $01C5 $01C6 $01C9 $01CA $01CC $01CF $01D1 $01D4 $01D6 $01D9 $01DA $01DB,interrupt/startup,COMPLETE,Interrupt Finalizer Return,"post-$2CC1 register/interrupt finalizer: restore IY/IX/HL/DE/BC, watchdog-state branch, enable interrupts, restore AF and RET",
FAMILY_127,$238D,1,$238D,interrupt/startup,COMPLETE,Scheduler Load Queue Pointer,interrupt-resumable scheduler path: load queue read pointer from $4C82/$4C83,
FAMILY_128,$2390,1,$2390,interrupt/startup,COMPLETE,Scheduler Load Command,interrupt-resumable scheduler path: load queued task selector from (HL),
FAMILY_129,$2391,1,$2391,interrupt/startup,COMPLETE,Scheduler And Command,interrupt-resumable scheduler path: refresh S/Z/H/PV/X/Y flags from queued task selector via AND A,
FAMILY_130,$2392,1,$2392,interrupt/startup,COMPLETE,Scheduler Jump Negative,"interrupt-resumable scheduler path: negative/empty slot loops to $238D, otherwise consumes current queue slot",
FAMILY_131,$2395,1,$2395,interrupt/startup,COMPLETE,Scheduler Mark Command Consumed,interrupt-resumable scheduler path: mark task selector byte consumed with $FF,
FAMILY_132,$2397,1,$2397,interrupt/startup,COMPLETE,Scheduler Increment Queue Low1,interrupt-resumable scheduler path: increment queue pointer low byte with exact INC flags,
FAMILY_133,$2398,1,$2398,interrupt/startup,COMPLETE,Scheduler Load Argument,interrupt-resumable scheduler path: load queued task argument into B,
FAMILY_134,$2399,1,$2399,interrupt/startup,COMPLETE,Scheduler Mark Argument Consumed,interrupt-resumable scheduler path: mark task argument byte consumed with $FF,
FAMILY_135,$239B,1,$239B,interrupt/startup,COMPLETE,Scheduler Increment Queue Low2,interrupt-resumable scheduler path: advance queue pointer low byte with exact INC flags,
FAMILY_136,$239C,1,$239C,interrupt/startup,COMPLETE,Scheduler Wrap Branch,interrupt-resumable scheduler path: preserve natural queue-page wrap branch from INC-L zero flag,
FAMILY_137,$239E,1,$239E,interrupt/startup,COMPLETE,Scheduler Wrap Low,interrupt-resumable scheduler path: wrap queue pointer low byte to $C0,
FAMILY_138,$23A0,1,$23A0,interrupt/startup,COMPLETE,Scheduler Store Queue Pointer,interrupt-resumable scheduler path: persist updated queue read pointer to $4C82/$4C83,
FAMILY_139,$23A3,1,$23A3,interrupt/startup,COMPLETE,Scheduler Prepare Restart,interrupt-resumable scheduler path: prepare dispatcher restart address $238D,
FAMILY_140,$23A6,1,$23A6,interrupt/startup,COMPLETE,Scheduler Push Restart,interrupt-resumable scheduler path: push dispatcher restart return target,
FAMILY_141,$23A7,1,$23A7,interrupt/startup,COMPLETE,Scheduler Dispatch Task,interrupt-resumable scheduler path: exact RST-$20 entry with inline table address $23A8 pushed; following bytes remain data,
FAMILY_142,$23E8,1,$23E8,scheduler/task,COMPLETE,Utility Increment Counter Load,connected task utility: load $4E04 counter address,
FAMILY_143,$23EB,1,$23EB,scheduler/task,COMPLETE,Utility Increment Counter,connected task utility: increment $4E04 through (HL) with exact INC flags,
FAMILY_144,$23EC,1,$23EC,scheduler/task,COMPLETE,Utility Increment Counter Return,connected task utility: exact RET continuation,
FAMILY_145,$23ED,1,$23ED,scheduler/task,COMPLETE,Utility Dispatch Load Argument,connected task utility: move queued task argument B into dispatch selector A,
FAMILY_146,$23EE,1,$23EE,scheduler/task,COMPLETE,Utility Dispatch Task,connected task utility: exact RST-$20 entry with inline table address $23EF pushed; following bytes remain data,
FAMILY_147,$000C,1,$000C,game-state/control,COMPLETE,Utility Noop Return,shared state-table no-op/wait target: exact RET with stack continuation,
FAMILY_148,$168C,16,$168C $168F $1691 $1693 $1695 $1699 $169A $169C $169E $16A2 $16A3 $16A5 $16A7 $16AB $16AC $16B0,maze/tile/collision,COMPLETE,SelectPacmanRightFacingAnimationFrame,Instruction behavior and known callers/consumers identify this role.,
FAMILY_149,$16B1,16,$16B1 $16B4 $16B6 $16B8 $16BA $16BE $16BF $16C1 $16C3 $16C7 $16C8 $16CA $16CC $16D0 $16D1 $16D5,maze/tile/collision,COMPLETE,SelectPacmanDownFacingAnimationFrame,Instruction behavior and known callers/consumers identify this role.,
FAMILY_150,$16D6,16,$16D6 $16D9 $16DB $16DD $16DF $16E1 $16E3 $16E6 $16E7 $16E9 $16EB $16ED $16EF $16F1 $16F3 $16F5,game-state/control,COMPLETE,SelectPacmanLeftFacingAnimationFrameAndFlipAttribute,Instruction behavior and known callers/consumers identify this role.,
FAMILY_151,$16F7,18,$16F7 $16FA $16FC $16FE $1700 $1704 $1705 $1707 $1709 $170B $170D $1710 $1711 $1713 $1715 $1717 $1719 $171B,game-state/control,COMPLETE,SelectPacmanUpFacingAnimationFrameAndFlipAttribute,Instruction behavior and known callers/consumers identify this role.,
FAMILY_152,$03FE,1,$03FE,coin/credit/session,COMPLETE,RefreshCreditDisplayBeforeStartPrompt,Instruction behavior and known callers/consumers identify this role.,
FAMILY_153,$0195,3,$0195 $0198 $0199,game-state/control,COMPLETE,Main Frame Update Gate,"main-frame epilogue gate: load $4E00, preserve exact AND A flags, and branch directly to $01AD when zero or CALL path $019B otherwise",
FAMILY_154,$019B,1,$019B,utility/other,COMPLETE,UpdateFirstIntermissionBigPacmanProjection,Instruction behavior and known callers/consumers identify this role.,
FAMILY_155,$019E,1,$019E,utility/other,COMPLETE,ProjectSpritesForUprightOrPlayerOne,Instruction behavior and known callers/consumers identify this role.,
FAMILY_156,$01A1,1,$01A1,utility/other,COMPLETE,ProjectSpritesForCocktailPlayerTwo,Instruction behavior and known callers/consumers identify this role.,
FAMILY_157,$01A4,1,$01A4,utility/other,COMPLETE,DebounceRackInputAndAccumulateCredits,Instruction behavior and known callers/consumers identify this role.,
FAMILY_158,$01A7,1,$01A7,utility/other,COMPLETE,DebounceCoinInputAndAccumulateCredits,Instruction behavior and known callers/consumers identify this role.,
FAMILY_159,$01AA,1,$01AA,utility/other,COMPLETE,UpdateCoinLampAndPlayerIndicators,Instruction behavior and known callers/consumers identify this role.,
FAMILY_160,$01AD,6,$01AD $01B0 $01B1 $01B3 $01B6 $01B9,game-state/control,COMPLETE,ProcessSoundEffectsBeforeMusic,Instruction behavior and known callers/consumers identify this role.,
FAMILY_161,$039D,20,$039D $03A0 $03A2 $03A3 $03A6 $03A8 $03AA $03AB $03AE $03B1 $03B2 $03B5 $03B8 $03B9 $03BA $03BD $03C0 $03C1 $03C4 $03C7,utility/other,COMPLETE,ProjectFirstIntermissionBigPacmanAndGhostPositions,Instruction behavior and known callers/consumers identify this role.,
FAMILY_162,$0267,15,$0267 $026A $026C $026D $0270 $0271 $0272 $0275 $0276 $0278 $027B $027C $027E $0281 $0283,coin/credit/session,COMPLETE,SampleRackInputAndShiftDebounceState,Instruction behavior and known callers/consumers identify this role.,
FAMILY_163,$0286,19,$0286 $0288 $028B $028C $028E $0291 $0293 $0296 $0299 $029A $029C $029F $02A0 $02A2 $02A5 $02A7 $02A8 $02AB $02AC,coin/credit/session,COMPLETE,FinishRackInputDebounceAndCreditUpdate,Instruction behavior and known callers/consumers identify this role.,
FAMILY_164,$02AD,11,$02AD $02B0 $02B1 $02B2 $02B3 $02B6 $02B7 $02B9 $02BC $02BE $02C1,coin/credit/session,COMPLETE,ConvertPendingCoinsIntoCredits,Instruction behavior and known callers/consumers identify this role.,
FAMILY_165,$02C4,15,$02C4 $02C5 $02C7 $02CA $02CB $02CE $02CF $02D0 $02D3 $02D5 $02D6 $02D9 $02DA $02DB $02DE,coin/credit/session,COMPLETE,FinishCoinCreditConversionAndTimeoutUpdate,Instruction behavior and known callers/consumers identify this role.,
FAMILY_166,$02FD,34,$02FD $0300 $0301 $0302 $0304 $0306 $0307 $0308 $0309 $030A $030B $030C $030F $0310 $0311 $0312 $0315 $0317 $0319 $031A $031B $031D $031E $0321 $0322 $0325 $0329 $032D $0330 $0332 $0335 $0338 $033A $033D,coin/credit/session,COMPLETE,CoinLampPlayerIndicatorsAndModeHousekeeping,"Core-loop bookkeeping: blinks coin lamps/1UP-2UP indicators, updates player display state and mode-dependent housekeeping; corroborated by same-address documented Pac-Man core.",
FAMILY_167,$0340,1,$0340,utility/other,COMPLETE,DrawTwoUpIndicatorAfterOneUp,Instruction behavior and known callers/consumers identify this role.,
FAMILY_168,$0343,1,$0343,utility/other,COMPLETE,ReturnAfterDrawingBothPlayerIndicators,Instruction behavior and known callers/consumers identify this role.,
FAMILY_169,$0344,6,$0344 $0347 $0348 $034B $034E $0350,utility/other,COMPLETE,SelectBlinkingPlayerIndicatorByActivePlayer,Instruction behavior and known callers/consumers identify this role.,
FAMILY_170,$0353,1,$0353,utility/other,COMPLETE,ClearOneUpIndicatorDuringBlinkOffPhase,Instruction behavior and known callers/consumers identify this role.,
FAMILY_171,$0356,1,$0356,utility/other,COMPLETE,ContinueFromOneUpBlinkToTwoUpGate,Instruction behavior and known callers/consumers identify this role.,
FAMILY_172,$0359,2,$0359 $035B,utility/other,COMPLETE,SelectTwoUpBlinkPhaseForPlayerTwo,Instruction behavior and known callers/consumers identify this role.,
FAMILY_173,$035E,1,$035E,utility/other,COMPLETE,ClearTwoUpIndicatorDuringBlinkOffPhase,Instruction behavior and known callers/consumers identify this role.,
FAMILY_174,$0361,3,$0361 $0364 $0365,utility/other,COMPLETE,ApplyTwoUpBlinkVisibilityGate,Instruction behavior and known callers/consumers identify this role.,
FAMILY_175,$0368,1,$0368,utility/other,COMPLETE,ReturnFromPlayerIndicatorUpdate,Instruction behavior and known callers/consumers identify this role.,
FAMILY_176,$0369,4,$0369 $036D $0371 $0375,video/display,COMPLETE,DrawOneUpIndicator,Instruction behavior and known callers/consumers identify this role.,
FAMILY_177,$0376,4,$0376 $037A $037E $0382,video/display,COMPLETE,DrawTwoUpIndicator,Instruction behavior and known callers/consumers identify this role.,
FAMILY_178,$0383,4,$0383 $0387 $038B $038F,video/display,COMPLETE,ClearOneUpIndicator,Instruction behavior and known callers/consumers identify this role.,
FAMILY_179,$0390,4,$0390 $0394 $0398 $039C,video/display,COMPLETE,ClearTwoUpIndicator,Instruction behavior and known callers/consumers identify this role.,
FAMILY_180,$141F,53,$141F $1422 $1423 $1426 $1427 $1428 $1429 $142D $142F $1431 $1433 $1436 $1437 $143A $143D $143E $143F $1442 $1445 $1446 $1449 $144C $144D $144E $1451 $1454 $1455 $1458 $145B $145C $145D $1460 $1463 $1464 $1467 $146A $146B $146C $146F $1472 $1473 $1476 $1479 $147A $147B $147E $1481 $1482 $1485 $1488 $1489 $148A $148D,actor/ghost/motion,COMPLETE,ProjectAllSpritesForCocktailPlayerTwo,Instruction behavior and known callers/consumers identify this role.,
FAMILY_181,$1490,52,$1490 $1493 $1494 $1497 $1498 $1499 $149A $149C $149E $14A0 $14A4 $14A7 $14A8 $14A9 $14AC $14AF $14B0 $14B3 $14B6 $14B7 $14B8 $14BB $14BE $14BF $14C2 $14C5 $14C6 $14C7 $14CA $14CD $14CE $14D1 $14D4 $14D5 $14D6 $14D9 $14DC $14DD $14E0 $14E3 $14E4 $14E5 $14E8 $14EB $14EC $14EF $14F2 $14F3 $14F4 $14F7 $14FA $14FB,actor/ghost/motion,COMPLETE,ProjectAllSpritesForUprightOrPlayerOne,Instruction behavior and known callers/consumers identify this role.,
FAMILY_182,$14FE,10,$14FE $1501 $1502 $1505 $1508 $1509 $150C $150F $1510 $1513,scheduler/task,COMPLETE,DispatchPacmanSpriteByFacingDirection,Instruction behavior and known callers/consumers identify this role.,
FAMILY_183,$151C,26,$151C $151D $151E $1520 $1522 $1525 $1526 $1527 $1529 $152A $152B $152E $1531 $1533 $1535 $1537 $1539 $153A $153B $153E $1540 $1542 $1544 $1546 $1547 $1548,game-state/control,COMPLETE,RenderPacmanAndGhostSpriteFrames,Instruction behavior and known callers/consumers identify this role.,
FAMILY_184,$154B,1,$154B,scheduler/task,COMPLETE,SelectPacmanDeathAnimationSprite,Instruction behavior and known callers/consumers identify this role.,
FAMILY_185,$154E,52,$154E $154F $1551 $1552 $1555 $1558 $155B $155E $1560 $1563 $1564 $1566 $1569 $156A $156C $156F $1570 $1571 $1572 $1575 $1578 $1579 $157B $157E $157F $1581 $1584 $1585 $1586 $1587 $158A $158D $158E $1590 $1593 $1594 $1596 $1599 $159A $159B $159C $159F $15A2 $15A3 $15A5 $15A8 $15A9 $15AB $15AE $15AF $15B0 $15B1,video/display,COMPLETE,RenderLivingActorSpriteAnimationFrames,Instruction behavior and known callers/consumers identify this role.,
FAMILY_186,$15B4,1,$15B4,intermission/attract,COMPLETE,RunFirstIntermissionSpriteHandler,One-instruction call path invoking the first Pac-Man intermission sprite handler at $15E6.,
FAMILY_187,$15B7,1,$15B7,intermission/attract,COMPLETE,RunSecondIntermissionSpriteHandler,One-instruction call path invoking the second Pac-Man intermission sprite handler at $162D.,
FAMILY_188,$15BA,1,$15BA,intermission/attract,COMPLETE,RunThirdIntermissionSpriteHandler,One-instruction call path invoking the third Pac-Man intermission sprite handler at $1652.,
FAMILY_189,$15BD,20,$15BD $15BE $15BF $15C0 $15C2 $15C5 $15C6 $15C9 $15CC $15CD $15D0 $15D3 $15D4 $15D7 $15DA $15DB $15DE $15E1 $15E2 $15E5,video/display,COMPLETE,FlipSpritesForCocktailPlayerTwo,Instruction behavior and known callers/consumers identify this role.,
FAMILY_190,$15E6,32,$15E6 $15E9 $15EB $15EC $15EF $15F1 $15F3 $15F5 $15F7 $15F9 $15FB $15FD $15FF $1601 $1603 $1605 $1607 $1609 $160B $160E $160F $1612 $1613 $1616 $1617 $161A $161E $1620 $1623 $1626 $1629 $162C,intermission/attract,COMPLETE,FirstIntermissionBigPacmanSpriteAnimation,Reads first-intermission state $4E06 and animates the original Pac-Man large-sprite sequence; same-address historical documentation confirms the role.,
FAMILY_191,$162D,17,$162D $1630 $1631 $1632 $1633 $1636 $1638 $163A $163E $163F $1641 $1642 $1646 $164A $164C $164D $1651,intermission/attract,COMPLETE,SecondIntermissionSpriteAnimation,Reads second-intermission state $4E07 and applies state/position-dependent sprite changes for the second Pac-Man intermission.,
FAMILY_192,$1652,31,$1652 $1655 $1656 $1657 $1658 $165B $165D $165F $1663 $1664 $1666 $1667 $166A $166C $166D $1670 $1671 $1673 $1674 $1677 $1679 $167A $167B $167C $167E $167F $1682 $1683 $1684 $1687 $168B,intermission/attract,COMPLETE,ThirdIntermissionSpriteAnimation,Reads third-intermission state $4E08 and applies coordinate/state-dependent sprite changes for the third Pac-Man intermission.,
FAMILY_193,$23F3,3,$23F3 $23F5 $23F8,video/display,COMPLETE,FullScreenVideoRamClearSetup,"Loads blank tile $40, four 256-byte blocks, and video-RAM base $4000 for a complete screen clear.",
FAMILY_194,$23FB,1,$23FB,video/display,COMPLETE,FullScreenVideoRamClearBlockFill,RST $08 fill invocation for each 256-byte block of the full-screen clear.,
FAMILY_195,$23FC,3,$23FC $23FD $23FF,video/display,COMPLETE,FullScreenVideoRamClearLoop,"Decrements four-block counter, loops to RST $08, then returns after all 1 KiB video RAM is blanked.",
FAMILY_196,$2400,3,$2400 $2402 $2405,video/display,COMPLETE,MazeVideoRamClearSetup,"Loads blank tile $40, maze video base $4040 and four $80-byte fill lengths for maze-only clearing.",
FAMILY_197,$2408,1,$2408,video/display,COMPLETE,MazeVideoRamClearBlockFill,RST $08 block-fill invocation used by the maze-only video clear.,
FAMILY_198,$2409,3,$2409 $240A $240C,video/display,COMPLETE,MazeVideoRamClearLoop,Loops the maze-only RST $08 fill and returns after all four maze strips are cleared.,
FAMILY_199,$240D,3,$240D $240E $2411,video/display,COMPLETE,ColorRamClearSetup,"Loads zero, four 256-byte blocks and color-RAM base $4400 for complete color RAM clearing.",
FAMILY_200,$2414,1,$2414,video/display,COMPLETE,ColorRamClearBlockFill,RST $08 block-fill invocation used by the color-RAM clear.,
FAMILY_201,$2415,3,$2415 $2416 $2418,video/display,COMPLETE,ColorRamClearLoop,Loops the color-RAM block fill four times and returns.,
FAMILY_202,$24D7,8,$24D7 $24D8 $24D9 $24DB $24DD $24DF $24E1 $24E4,video/display,COMPLETE,SelectMazeColorAndEndLevelFlashPalette,Instruction behavior and known callers/consumers identify this role.,
FAMILY_203,$24E7,1,$24E7,scheduler/task,COMPLETE,FillMazeColorRamWithSelectedPalette,Instruction behavior and known callers/consumers identify this role.,
FAMILY_204,$24E8,6,$24E8 $24E9 $24EB $24ED $24EF $24F2,video/display,COMPLETE,FinishMazeColorFillAndColorTopBar,Instruction behavior and known callers/consumers identify this role.,
FAMILY_205,$24F3,30,$24F3 $24F4 $24F6 $24F7 $24F9 $24FC $24FE $2502 $2505 $2508 $250A $250C $250E $2510 $2514 $2517 $251A $251D $251F $2521 $2523 $2527 $252A $252D $2530 $2532 $2534 $2536 $2539 $253C,video/display,COMPLETE,ApplyMazeNoTurnZoneColorsAndReturn,Instruction behavior and known callers/consumers identify this role.,
FAMILY_206,$0008,3,$0008 $0009 $000A,game-state/control,COMPLETE,FillMemoryRangeWithAccumulatorByte,Instruction behavior and known callers/consumers identify this role.,
FAMILY_207,$3042,82,$3042 $3045 $3047 $3048 $3049 $304A $304D $304E $304F $3050 $3052 $3053 $3054 $3055 $3057 $305A $305B $305C $305D $305E $3060 $3061 $3062 $3063 $3066 $3067 $3068 $306B $306C $306D $306E $306F $3070 $3071 $3072 $3075 $3076 $3077 $3078 $3079 $307A $307B $307E $3080 $3081 $3082 $3083 $3085 $3088 $3089 $308A $308B $308C $308E $308F $3090 $3091 $3094 $3095 $3096 $3099 $309A $309B $309C $309D $309E $30A0 $30A1 $30A3 $30A4 $30A5 $30A7 $30AA $30AB $30AD $30B0 $30B2 $30B5 $30B6 $30B8 $30BA $30BB,interrupt/startup,COMPLETE,RunRamNibblePatternSelfTest,Instruction behavior and known callers/consumers identify this role.,
FAMILY_208,$32ED,7,$32ED $32F0 $32F3 $32F4 $32F5 $32F6 $32F8,interrupt/startup,COMPLETE,RunStartupWatchdogDelay,Instruction behavior and known callers/consumers identify this role.,
FAMILY_209,$3000,37,$3000 $3003 $3006 $3009 $300A $300B $300C $300D $300F $3010 $3012 $3015 $3016 $3018 $3019 $301A $301C $301F $3020 $3022 $3025 $3027 $3028 $3029 $302B $302E $3031 $3032 $3033 $3035 $3038 $3039 $303A $303B $303C $303D $303F,interrupt/startup,COMPLETE,VerifyProgramRomChecksumsAtStartup,Instruction behavior and known callers/consumers identify this role.,
FAMILY_210,$00A6,1,$00A6,scheduler/task,COMPLETE,CopySoundVoiceRegistersToHardware,Instruction behavior and known callers/consumers identify this role.,
FAMILY_211,$00DE,1,$00DE,scheduler/task,COMPLETE,CopyCalculatedSpriteDataIntoFrameBuffer,Instruction behavior and known callers/consumers identify this role.,
FAMILY_212,$017F,1,$017F,scheduler/task,COMPLETE,CopySpritePositionsIntoSecondarySpriteRam,Instruction behavior and known callers/consumers identify this role.,
FAMILY_213,$018A,1,$018A,scheduler/task,COMPLETE,WriteSpriteCoordinatesToHardwareSpriteRam,Instruction behavior and known callers/consumers identify this role.,
FAMILY_214,$022A,3,$022A $022B $022C,scheduler/task,COMPLETE,ScanTimedTaskQueueForActiveRecord,Instruction behavior and known callers/consumers identify this role.,
FAMILY_215,$025D,5,$025D $025E $025F $0260 $0262,scheduler/task,COMPLETE,AdvanceTimedTaskScanToNextRecord,Instruction behavior and known callers/consumers identify this role.,
FAMILY_216,$231A,8,$231A $231D $2320 $2322 $2323 $2324 $2326 $2327,maze/tile/collision,COMPLETE,ClearVideoRamToBlankTilesDuringBoot,Instruction behavior and known callers/consumers identify this role.,
FAMILY_217,$232B,9,$232B $232E $232F $2332 $2334 $2335 $2336 $2338 $2339,maze/tile/collision,COMPLETE,InitializeColorRamDuringBoot,Instruction behavior and known callers/consumers identify this role.,
FAMILY_218,$30C6,6,$30C6 $30C9 $30CB $30CC $30CE $30CF,interrupt/startup,COMPLETE,ClearProgramWorkRamAfterSelfTest,Instruction behavior and known callers/consumers identify this role.,
FAMILY_219,$30D6,7,$30D6 $30D9 $30DB $30DC $30DD $30DF $30E0,interrupt/startup,COMPLETE,ClearVideoRamAfterSelfTest,Instruction behavior and known callers/consumers identify this role.,
FAMILY_220,$30E4,7,$30E4 $30E7 $30E9 $30EA $30EB $30ED $30EE,interrupt/startup,COMPLETE,InitializeColorRamAfterSelfTest,Instruction behavior and known callers/consumers identify this role.,
FAMILY_221,$3253,29,$3253 $3256 $3258 $3259 $325A $325B $325E $325F $3261 $3262 $3263 $3264 $3265 $3267 $3268 $3269 $326A $326B $326C $326E $326F $3270 $3272 $3273 $3274 $3275 $3278 $3279 $327A,scheduler/task,COMPLETE,RenderStartupTestGridFromStackDescriptors,Instruction behavior and known callers/consumers identify this role.,
FAMILY_222,$01DC,46,$01DC $01DF $01E0 $01E1 $01E2 $01E3 $01E6 $01E9 $01EA $01EB $01ED $01EE $01EF $01F1 $01F2 $01F3 $01F5 $01F7 $01F8 $01F9 $01FA $01FC $01FD $01FE $0200 $0201 $0202 $0204 $0207 $0208 $0209 $020A $020B $020C $020D $020E $020F $0210 $0211 $0212 $0213 $0214 $0215 $0216 $0217 $0218,game-state/control,COMPLETE,FrameTimersAndPseudoRandomStateUpdate,Core loop routine updates timer/random state at $4C84-$4C8C; same-address documented core describes it as the timer/random update.,
FAMILY_223,$008D,13,$008D $008E $0091 $0092 $0095 $0096 $0097 $0098 $0099 $009B $009D $00A0 $00A3,interrupt/startup,COMPLETE,SaveCpuStateAndDisableInterruptsAtVblank,Instruction behavior and known callers/consumers identify this role.,
FAMILY_224,$00A8,21,$00A8 $00AB $00AC $00AF $00B1 $00B4 $00B7 $00BA $00BB $00BE $00C0 $00C3 $00C6 $00C9 $00CA $00CD $00CF $00D2 $00D5 $00D8 $00DB,interrupt/startup,COMPLETE,WriteSoundWaveSelectorsAndPrepareSpriteCopy,Instruction behavior and known callers/consumers identify this role.,
FAMILY_225,$00E0,25,$00E0 $00E4 $00E7 $00E8 $00E9 $00EC $00EF $00F0 $00F1 $00F4 $00F7 $00F8 $00F9 $00FC $00FF $0100 $0101 $0104 $0107 $0108 $0109 $010C $010F $0110 $0111,interrupt/startup,COMPLETE,ConvertSpriteCodesToHardwareOrientationFormat,Instruction behavior and known callers/consumers identify this role.,
FAMILY_226,$0114,23,$0114 $0117 $0119 $011B $011F $0122 $0123 $0124 $0126 $0128 $012B $012F $0132 $0135 $0138 $013B $013E $0141 $0144 $0147 $014A $014D $0150,interrupt/startup,COMPLETE,SubstituteEatenGhostSpriteDuringScorePause,Instruction behavior and known callers/consumers identify this role.,
FAMILY_227,$0153,14,$0153 $0156 $0157 $015A $015E $0162 $0165 $0168 $016B $016E $0172 $0176 $0179 $017C,interrupt/startup,COMPLETE,RestoreSpriteBufferAndPreparePositionCopy,Instruction behavior and known callers/consumers identify this role.,
FAMILY_228,$0181,3,$0181 $0184 $0187,interrupt/startup,COMPLETE,PrepareHardwareSpriteCoordinateCopy,Instruction behavior and known callers/consumers identify this role.,
FAMILY_229,$018C,3,$018C $018F $0192,interrupt/startup,COMPLETE,UpdateFrameTimersRunTimedTasksAndDispatchMainMode,Instruction behavior and known callers/consumers identify this role.,
FAMILY_230,$0221,4,$0221 $0224 $0227 $0228,scheduler/task,COMPLETE,InitializeTimedTaskQueueScan,Instruction behavior and known callers/consumers identify this role.,
FAMILY_231,$022E,5,$022E $0230 $0231 $0232 $0233,scheduler/task,COMPLETE,DecodeTimedTaskDelayClass,Instruction behavior and known callers/consumers identify this role.,
FAMILY_232,$0235,4,$0235 $0236 $0237 $0239,scheduler/task,COMPLETE,CountDownTimedTaskDelay,Instruction behavior and known callers/consumers identify this role.,
FAMILY_233,$023B,12,$023B $023C $023D $023E $023F $0240 $0241 $0242 $0245 $0246 $025B $025C,scheduler/task,COMPLETE,DispatchExpiredTimedTaskCommand,Instruction behavior and known callers/consumers identify this role.,
FAMILY_234,$2419,32,$2419 $241C $241F $2420 $2421 $2422 $2425 $2426 $2428 $2429 $242A $242B $242C $242D $242E $242F $2430 $2433 $2434 $2436 $2437 $2439 $243A $243B $243C $243D $243F $2440 $2442 $2443 $2444 $2445,maze/tile/collision,COMPLETE,DecodeMazeCommandStreamIntoVideoRam,Instruction behavior and known callers/consumers identify this role.,
FAMILY_235,$2ACE,12,$2ACE $2AD0 $2AD2 $2AD4 $2AD6 $2AD7 $2AD8 $2ADA $2ADC $2ADD $2ADE $2ADF,maze/tile/collision,COMPLETE,RenderThreePackedBcdScoreDigits,Instruction behavior and known callers/consumers identify this role.,
FAMILY_236,$230B,9,$230B $230E $2310 $2311 $2312 $2313 $2315 $2318 $2329,utility/other,COMPLETE,InitializeBoardVideoColorAndOutputMemory,Instruction behavior and known callers/consumers identify this role.,
FAMILY_237,$327C,4,$327C $327F $3281 $3284,interrupt/startup,COMPLETE,RunRepeatedStartupDelayCalls,Instruction behavior and known callers/consumers identify this role.,
FAMILY_238,$2ABE,11,$2ABE $2ABF $2AC0 $2AC1 $2AC2 $2AC3 $2AC6 $2AC7 $2ACA $2ACB $2ACD,score/fruit/hud,COMPLETE,RenderSixDigitPlayerOrHighScore,Instruction behavior and known callers/consumers identify this role.,
FAMILY_239,$058E,3,$058E $0591 $0592,scheduler/task,COMPLETE,AdvanceAttractOrMainSubstateCounter,Instruction behavior and known callers/consumers identify this role.,
FAMILY_240,$3246,8,$3246 $3247 $324A $324B $324E $324F $3250 $3251,utility/other,COMPLETE,DisableHardwareAndClearOutputLatchesForTestGrid,Instruction behavior and known callers/consumers identify this role.,
FAMILY_241,$3174,10,$3174 $3177 $3179 $317A $317B $317D $317E $3181 $3183 $3185,interrupt/startup,COMPLETE,InitializeHardwareOutputLatchesAfterSelfTest,Instruction behavior and known callers/consumers identify this role.,
FAMILY_242,$03D4,15,$03D4 $03D7 $03DC $03DF $03E2 $03E5 $03E8 $03EB $03EE $03F1 $03F4 $03F7 $03F8 $03FB $03FD,scheduler/task,COMPLETE,DispatchSecondaryMainModeAndPostInitializationTasks,Instruction behavior and known callers/consumers identify this role.,
FAMILY_243,$0580,6,$0580 $0583 $0584 $0585 $0587 $058A,scheduler/task,COMPLETE,QueueTextTaskAndDelayedStateAdvance,Instruction behavior and known callers/consumers identify this role.,
FAMILY_244,$0593,8,$0593 $0596 $0597 $0598 $059A $059D $05A1 $05A4,scheduler/task,COMPLETE,QueueDelayedStateAdvanceAndIncrementSubstate,Instruction behavior and known callers/consumers identify this role.,
FAMILY_245,$253D,68,$253D $2541 $2545 $2549 $254D $2551 $2555 $2559 $255D $2561 $2565 $2569 $256D $2571 $2572 $2573 $2576 $2579 $257C $257F $2582 $2585 $2588 $258B $258E $2591 $2594 $2597 $259A $259D $25A0 $25A3 $25A6 $25A9 $25AC $25AF $25B2 $25B5 $25B8 $25BB $25BE $25C1 $25C4 $25C7 $25CA $25CD $25D0 $25D3 $25D6 $25D9 $25DC $25DF $25E2 $25E5 $25E8 $25EB $25EE $25F1 $25F4 $25F7 $25FA $25FD $2600 $2602 $2605 $2608 $260B $260E,actor/ghost/motion,COMPLETE,InitializePacmanAndGhostGameplayStateBlock,Instruction behavior and known callers/consumers identify this role.,
FAMILY_246,$02DF,16,$02DF $02E2 $02E5 $02E6 $02E7 $02E8 $02E9 $02EC $02EF $02F0 $02F1 $02F4 $02F6 $02F7 $02FA $02FC,coin/credit/session,COMPLETE,ApplyCoinageRatioAndUpdateCreditBcdState,Instruction behavior and known callers/consumers identify this role.,
FAMILY_247,$045F,54,$045F $0462 $0465 $0468 $046B $046D $0470 $0471 $0474 $0476 $0479 $047B $047E $047F $0481 $0484 $0485 $0487 $048A $048B $048E $0490 $0493 $0495 $0498 $0499 $049B $049E $049F $04A1 $04A4 $04A5 $04A8 $04AA $04AD $04AF $04B2 $04B3 $04B5 $04B8 $04B9 $04BB $04BE $04BF $04C2 $04C4 $04C7 $04C9 $04CC $04CD $04CF $04D2 $04D3 $04D5,coin/credit/session,COMPLETE,RunAttractIntroductionStateHandlers,Instruction behavior and known callers/consumers identify this role.,
FAMILY_248,$05BF,27,$05BF $05C1 $05C2 $05C4 $05C5 $05C7 $05CA $05CB $05CD $05CE $05D0 $05D1 $05D3 $05D6 $05D7 $05D8 $05D9 $05DA $05DB $05DC $05DD $05DF $05E0 $05E1 $05E2 $05E3 $05E4,video/display,COMPLETE,DrawStationaryGhostIntroductionGraphic,Instruction behavior and known callers/consumers identify this role.,
FAMILY_249,$05F3,16,$05F3 $05F6 $05F9 $05FC $05FF $0602 $0605 $0608 $0609 $060B $060E $0611 $0613 $0614 $0617 $061A,scheduler/task,COMPLETE,InitializeStartPromptAndReadyState,Instruction behavior and known callers/consumers identify this role.,
FAMILY_250,$061B,1,$061B,coin/credit/session,COMPLETE,RefreshCreditDisplayAtStartPrompt,Instruction behavior and known callers/consumers identify this role.,
FAMILY_251,$2698,5,$2698 $269A $269D $269E $26A1,coin/credit/session,COMPLETE,InitializeDemoCreditModeState,Instruction behavior and known callers/consumers identify this role.,
FAMILY_252,$26B2,15,$26B2 $26B6 $26B9 $26BB $26BD $26C0 $26C3 $26C4 $26C5 $26C6 $26C7 $26C9 $26CA $26CC $26CF,coin/credit/session,COMPLETE,RenderCreditCountDigits,Instruction behavior and known callers/consumers identify this role.,
FAMILY_253,$26D0,51,$26D0 $26D3 $26D4 $26D6 $26D9 $26DC $26DE $26DF $26E0 $26E2 $26E5 $26E7 $26E8 $26EB $26EC $26ED $26EE $26F0 $26F1 $26F3 $26F5 $26F6 $26F9 $26FA $26FB $26FC $26FD $26FE $2700 $2703 $2704 $2707 $2708 $2709 $270A $270C $270F $2710 $2711 $2712 $2713 $2715 $2716 $2719 $271A $271D $2720 $2721 $2722 $2724 $2727,game-state/control,COMPLETE,DecodeDipSwitchGameConfiguration,Instruction behavior and known callers/consumers identify this role.,
FAMILY_254,$2AE0,18,$2AE0 $2AE2 $2AE5 $2AE6 $2AE9 $2AEB $2AEC $2AEF $2AF2 $2AF5 $2AF8 $2AFB $2AFE $2B01 $2B04 $2B05 $2B07 $2B09,score/fruit/hud,COMPLETE,SelectPlayerScoreAndPrepareDigitRendering,Instruction behavior and known callers/consumers identify this role.,
FAMILY_255,$233B,39,$233B $233D $233F $2341 $2342 $2345 $2346 $2349 $234A $234B $234E $2351 $2352 $2355 $2358 $2359 $235C $235E $235F $2360 $2361 $2362 $2365 $2367 $2368 $236B $236E $2371 $2373 $2376 $2379 $237C $237F $2382 $2384 $2386 $2387 $2389 $238C,interrupt/startup,COMPLETE,FinishStartupAndEnterMainScheduler,Instruction behavior and known callers/consumers identify this role.,
FAMILY_256,$30BD,12,$30BD $30C0 $30C1 $30C4 $30D1 $30D4 $30E2 $30F0 $30F1 $30F3 $30F5 $30F8,interrupt/startup,COMPLETE,BridgeStartupMemoryClearsIntoHardwareInitialization,Instruction behavior and known callers/consumers identify this role.,
FAMILY_257,$30FB,46,$30FB $30FC $30FE $3101 $3102 $3103 $3105 $3108 $3109 $310A $310C $310F $3111 $3113 $3116 $3118 $311A $311D $311F $3122 $3123 $3126 $3127 $312A $312D $312E $3131 $3132 $3134 $3136 $3137 $3138 $313A $313B $313C $313E $313F $3140 $3141 $3142 $3143 $3147 $314A $314D $314F $3151,interrupt/startup,COMPLETE,DisplayStartupMemoryDiagnosticResult,Instruction behavior and known callers/consumers identify this role.,
FAMILY_258,$3188,97,$3188 $318B $318C $318F $3190 $3193 $3196 $3197 $319A $319B $319C $319E $31A0 $31A2 $31A5 $31A8 $31A9 $31AA $31AC $31AE $31B0 $31B3 $31B4 $31B5 $31B7 $31B9 $31BB $31BE $31BF $31C0 $31C2 $31C4 $31C6 $31C9 $31CA $31CB $31CD $31CF $31D1 $31D4 $31D5 $31D6 $31D8 $31DA $31DC $31DF $31E2 $31E4 $31E6 $31E7 $31EA $31ED $31EE $31EF $31F0 $31F1 $31F3 $31F5 $31F7 $31F9 $31FC $31FF $3200 $3201 $3202 $3204 $3207 $3209 $320C $320D $320F $3212 $3213 $3214 $3217 $3218 $3219 $321C $321F $3220 $3221 $3223 $3225 $3227 $3229 $322A $322D $322F $3232 $3235 $3236 $3238 $323A $323B $323E $3241 $3243,interrupt/startup,COMPLETE,DisplayStartupConfigurationAndDipSettings,Instruction behavior and known callers/consumers identify this role.,
FAMILY_259,$3286,44,$3286 $3289 $328C $328E $3290 $3293 $3295 $3298 $329A $329D $329F $32A2 $32A4 $32A7 $32A9 $32AB $32AE $32B1 $32B4 $32B5 $32B7 $32BA $32BD $32C0 $32C2 $32C4 $32C6 $32C8 $32C9 $32CB $32CE $32D1 $32D3 $32D5 $32D6 $32D7 $32D9 $32DA $32DC $32DF $32E2 $32E5 $32E7 $32EA,interrupt/startup,COMPLETE,RunStartupInputAndServiceSwitchSelfTest,Instruction behavior and known callers/consumers identify this role.,
FAMILY_260,$3AF4,12,$3AF4 $3AF7 $3AFA $3AFC $3AFD $3AFE $3AFF $3B00 $3B01 $3B02 $3B05 $3B06,video/display,COMPLETE,DrawMadeByNamcoEasterEggPelletPattern,Writes pellet tile $14 following the delta stream at $3A4F to draw the hidden MADE BY NAMCO easter-egg pattern.,
FAMILY_261,$08DE,18,$08DE $08E1 $08E3 $08E5 $08E8 $08EA $08EB $08EE $08F1 $08F4 $08F7 $08FA $08FD $0900 $0903 $0906 $0909 $090C,game-state/control,COMPLETE,PelletCountLevelCompletionAndGameplayFrameUpdate,Checks the 244-pellet completion condition and otherwise runs the gameplay per-frame ghost/frightened/flash/audio/fruit update chain.,
FAMILY_262,$1017,4,$1017 $101A $101D $101E,game-state/control,COMPLETE,GateGameplayUpdateWhilePacmanDeathAnimationRuns,Instruction behavior and known callers/consumers identify this role.,
FAMILY_263,$13DD,14,$13DD $13E0 $13E3 $13E4 $13E7 $13EA $13ED $13EE $13F1 $13F2 $13F5 $13F9 $13FA $13FC,actor/ghost/motion,COMPLETE,GhostHouseReleaseTimeoutCounter,Called once per gameplay update to compare pellet-progress/timeout state and trigger waiting-ghost release processing.,
FAMILY_264,$0C42,3,$0C42 $0C45 $0C46,actor/ghost/motion,COMPLETE,GhostHouseMovementCollisionGate,"Suppresses ghost-house exit movement while a ghost-eat collision transaction is pending, then falls through to the house movement controller.",
FAMILY_265,$0E23,5,$0E23 $0E26 $0E27 $0E29 $0E2A,actor/ghost/motion,COMPLETE,GhostAnimationEightFrameDivider,Counts eight game steps before toggling the ghost animation frame state.,
FAMILY_266,$0E36,3,$0E36 $0E39 $0E3A,actor/ghost/motion,COMPLETE,ScatterChaseReversalEnergizerGate,"Prevents scheduled scatter/chase reversal while energizer mode is active, otherwise enters reversal scheduling.",
FAMILY_267,$0AC3,3,$0AC3 $0AC6 $0AC7,actor/ghost/motion,COMPLETE,FrightenedGhostColorUpdateCollisionGate,"Suppresses frightened flashing/color updates while a ghost-eat collision transaction is pending, then enters frightened sprite-color logic.",
FAMILY_268,$0BD6,21,$0BD6 $0BD8 $0BDB $0BDD $0BE0 $0BE2 $0BE6 $0BE9 $0BEA $0BED $0BF0 $0BF3 $0BF4 $0BF7 $0BFA $0BFD $0BFE $0C01 $0C04 $0C07 $0C08,actor/ghost/motion,COMPLETE,AssignColorsForDeadGhostEyes,Instruction behavior and known callers/consumers identify this role.,
FAMILY_269,$0C0D,5,$0C0D $0C10 $0C11 $0C13 $0C14,maze/tile/collision,COMPLETE,PowerPelletFlashCounterGate,Ten-step divider controlling the periodic visible/invisible power-pellet flash update.,
FAMILY_270,$0E6C,42,$0E6C $0E6F $0E70 $0E72 $0E73 $0E76 $0E77 $0E7A $0E7C $0E7F $0E81 $0E83 $0E84 $0E85 $0E87 $0E88 $0E89 $0E8B $0E8D $0E8E $0E8F $0E91 $0E92 $0E93 $0E95 $0E97 $0E98 $0E99 $0E9B $0E9C $0E9D $0E9F $0EA1 $0EA2 $0EA3 $0EA5 $0EA6 $0EA7 $0EA8 $0EA9 $0EAB $0EAC,game-state/control,COMPLETE,SelectBackgroundSirenSpeedFromPelletProgress,Instruction behavior and known callers/consumers identify this role.,
FAMILY_271,$0EAD,3,$0EAD $0EB0 $0EB1,score/fruit/hud,COMPLETE,FruitSpawnPacmanDeathGate,"Prevents fruit-spawn/update processing while Pac-Man death animation is active, then enters the fruit trigger routine.",
FAMILY_272,$1291,2,$1291 $1294,game-state/control,COMPLETE,PacmanDeathAnimationStateDispatch,Dispatches on Pac-Man death-animation state $4DA5 through the inline death-state table.,
FAMILY_273,$12B7,10,$12B7 $12BA $12BB $12BE $12C1 $12C2 $12C4 $12C5 $12C7 $12CA,game-state/control,COMPLETE,PacmanDeathInitialPauseTimer,Counts the initial 120-step post-collision pause and advances death state to the sprite-animation sequence.,
FAMILY_274,$12CB,75,$12CB $12CE $12D1 $12D3 $12D6 $12D7 $12DA $12DB $12DE $12DF $12E1 $12E3 $12E4 $12E5 $12E6 $12E9 $12EC $12ED $12F0 $12F1 $12F3 $12F4 $12F7 $12F8 $12F9 $12FC $12FE $1300 $1303 $1306 $1308 $130B $130E $1310 $1313 $1316 $1318 $131B $131E $1320 $1323 $1326 $1328 $132B $132E $1330 $1333 $1336 $1338 $133B $133E $1340 $1343 $1346 $1349 $134B $134D $1350 $1353 $1355 $1358 $135B $135C $135F $1362 $1363 $1365 $1366 $1369 $136A $136D $136E $1371 $1374 $1375,game-state/control,COMPLETE,PacmanDeathAnimationFramesAndLifeTransition,"Runs timed Pac-Man death sprite frames, death sound phase, life decrement, actor clear and transition to the next gameplay state.",
FAMILY_275,$268B,7,$268B $268D $2690 $2691 $2692 $2694 $2697,actor/ghost/motion,COMPLETE,ResetGhostHouseCounterAndOptionalBlinkyRelease,"Task #5 resets the ghost-house movement counter to $55 and, when parameterized, marks Blinky to leave the house.",
FAMILY_276,$26A2,9,$26A2 $26A3 $26A6 $26A9 $26AA $26AB $26AC $26AE $26B1,game-state/control,COMPLETE,ClearGameplayWorkRamStateBlock,Instruction behavior and known callers/consumers identify this role.,
FAMILY_277,$2A35,18,$2A35 $2A38 $2A3B $2A3C $2A3E $2A3F $2A40 $2A42 $2A45 $2A47 $2A4A $2A4C $2A4F $2A50 $2A53 $2A55 $2A56 $2A57,maze/tile/collision,COMPLETE,EraseMazePelletsAndEnergizersFromVideoRam,Scans maze video RAM $4040-$43BF and replaces pellet/energizer tile codes $10/$12/$14 with blank tile $40.,
FAMILY_278,$2448,28,$2448 $244B $244F $2453 $2455 $2457 $2459 $245C $245F $2460 $2461 $2463 $2465 $2467 $2468 $246A $246C $246D $246F $2472 $2475 $2477 $247A $247C $247F $2481 $2484 $2486,maze/tile/collision,COMPLETE,DrawPelletsFromOccupancyBitfield,Instruction behavior and known callers/consumers identify this role.,
FAMILY_279,$000D,1,$000D,game-state/control,COMPLETE,SetupDifficultyFromTaskParameter,Instruction behavior and known callers/consumers identify this role.,
FAMILY_280,$070E,69,$070E $070F $0710 $0712 $0715 $0716 $071A $071B $071C $071D $071E $071F $0720 $0722 $0724 $0727 $0728 $0729 $072A $072B $072C $072D $072E $072F $0730 $0731 $0733 $0736 $0737 $073A $073D $0740 $0743 $0744 $0745 $0746 $0747 $0749 $074C $074D $0750 $0753 $0754 $0755 $0757 $075B $075D $0760 $0763 $0766 $0769 $076A $076B $076D $0771 $0773 $0776 $0779 $077C $077F $0780 $0781 $0783 $0787 $0789 $078C $078F $0792 $0795,game-state/control,COMPLETE,LoadDifficultyProfileAndDerivedGameplayParameters,Instruction behavior and known callers/consumers identify this role.,
FAMILY_281,$0814,18,$0814 $0817 $081A $081C $081F $0820 $0822 $0824 $0827 $0828 $082A $082C $082F $0830 $0832 $0834 $0837 $0839,game-state/control,COMPLETE,LoadDifficultySpeedAndTimingParameters,"Copies the selected level difficulty record into $4D46-$4D94, including actor speed patterns and reversal timing values.",
FAMILY_282,$083A,4,$083A $083D $0840 $0842,game-state/control,COMPLETE,LoadDifficultyReleaseThresholdParameters,Copies the selected three-byte difficulty subrecord into $4DB8-$4DBA for ghost-house release thresholds.,
FAMILY_283,$2730,23,$2730 $2733 $2735 $2738 $273B $273C $273E $2741 $2743 $2745 $2748 $274B $274E $2751 $2754 $2757 $2758 $275B $275F $2762 $2765 $2768 $276B,actor/ghost/motion,COMPLETE,ChooseBlinkyTargetDirection,Instruction behavior and known callers/consumers identify this role.,
FAMILY_284,$276C,25,$276C $276F $2771 $2774 $2777 $2779 $277B $277E $2781 $2784 $2787 $278A $278D $278E $2792 $2795 $2796 $2797 $2798 $2799 $279C $279F $27A2 $27A5 $27A8,actor/ghost/motion,COMPLETE,ChoosePinkyTargetDirection,Instruction behavior and known callers/consumers identify this role.,
FAMILY_285,$27A9,33,$27A9 $27AC $27AE $27B1 $27B4 $27B6 $27B8 $27BB $27BE $27C1 $27C4 $27C7 $27CA $27CB $27CF $27D3 $27D6 $27D7 $27D8 $27D9 $27DA $27DB $27DC $27DD $27DE $27DF $27E0 $27E1 $27E4 $27E7 $27EA $27ED $27F0,actor/ghost/motion,COMPLETE,ChooseInkyTargetDirection,Instruction behavior and known callers/consumers identify this role.,
FAMILY_286,$27F1,27,$27F1 $27F4 $27F6 $27F9 $27FC $27FE $2800 $2803 $2806 $2809 $280C $280F $2812 $2813 $2817 $281B $281E $2821 $2822 $2824 $2827 $282A $282E $2831 $2834 $2837 $283A,actor/ghost/motion,COMPLETE,ChooseClydeTargetDirection,Instruction behavior and known callers/consumers identify this role.,
FAMILY_287,$283B,16,$283B $283E $283F $2842 $2845 $2848 $284B $284E $2851 $2854 $2855 $2858 $285B $285E $2861 $2864,actor/ghost/motion,COMPLETE,ChooseBlinkyFrightenedDirection,Instruction behavior and known callers/consumers identify this role.,
FAMILY_288,$2865,16,$2865 $2868 $2869 $286C $286F $2872 $2875 $2878 $287B $287E $287F $2882 $2885 $2888 $288B $288E,actor/ghost/motion,COMPLETE,ChoosePinkyFrightenedDirection,Instruction behavior and known callers/consumers identify this role.,
FAMILY_289,$288F,16,$288F $2892 $2893 $2896 $2899 $289C $289F $28A2 $28A5 $28A8 $28A9 $28AC $28AF $28B2 $28B5 $28B8,actor/ghost/motion,COMPLETE,ChooseInkyFrightenedDirection,Instruction behavior and known callers/consumers identify this role.,
FAMILY_290,$28B9,16,$28B9 $28BC $28BD $28C0 $28C3 $28C6 $28C9 $28CC $28CF $28D2 $28D3 $28D6 $28D9 $28DC $28DF $28E2,actor/ghost/motion,COMPLETE,ChooseClydeFrightenedDirection,Instruction behavior and known callers/consumers identify this role.,
FAMILY_291,$28E3,27,$28E3 $28E6 $28E7 $28EA $28ED $28F1 $28F4 $28F7 $28FA $28FD $28FE $2901 $2905 $2906 $2907 $2908 $2909 $290A $290B $290C $290D $290E $2911 $2914 $2917 $291A $291D,actor/ghost/motion,COMPLETE,ChoosePacmanAttractModeAutopilotDirection,Instruction behavior and known callers/consumers identify this role.,
FAMILY_292,$291E,32,$291E $2921 $2923 $2926 $2929 $292B $292E $292F $2930 $2931 $2933 $2937 $2939 $293D $2940 $2941 $2944 $2947 $2949 $294B $294D $2950 $2953 $2956 $2957 $2959 $295B $295E $295F $2960 $2962 $2963,actor/ghost/motion,COMPLETE,ChooseRandomLegalFrightenedGhostDirection,Instruction behavior and known callers/consumers identify this role.,
FAMILY_293,$2966,53,$2966 $2969 $296D $2970 $2972 $2975 $2978 $297B $297F $2983 $2986 $2988 $298B $298C $298F $2992 $2995 $2998 $2999 $299B $299D $299F $29A1 $29A3 $29A7 $29AB $29AE $29B0 $29B2 $29B3 $29B6 $29B7 $29B9 $29BC $29C0 $29C3 $29C6 $29C8 $29CA $29CD $29CE $29D0 $29D1 $29D4 $29D7 $29D8 $29D9 $29DB $29DF $29E1 $29E4 $29E7 $29E9,actor/ghost/motion,COMPLETE,ChooseLegalGhostDirectionTowardTargetTile,Instruction behavior and known callers/consumers identify this role.,
FAMILY_294,$29EA,20,$29EA $29ED $29F0 $29F1 $29F4 $29F5 $29F8 $29F9 $29FC $29FD $2A00 $2A03 $2A04 $2A07 $2A08 $2A0B $2A0C $2A0F $2A10 $2A11,actor/ghost/motion,COMPLETE,ComputeSquaredTileDistance,Instruction behavior and known callers/consumers identify this role.,
FAMILY_295,$2A12,11,$2A12 $2A13 $2A14 $2A16 $2A17 $2A19 $2A1A $2A1D $2A1E $2A1F $2A22,actor/ghost/motion,COMPLETE,SquareUnsignedEightBitDelta,Instruction behavior and known callers/consumers identify this role.,
FAMILY_296,$2A23,13,$2A23 $2A26 $2A27 $2A28 $2A29 $2A2A $2A2B $2A2C $2A2D $2A2F $2A30 $2A31 $2A34,actor/ghost/motion,COMPLETE,GenerateRomSampledPseudoRandomByte,Instruction behavior and known callers/consumers identify this role.,
FAMILY_297,$2A5A,54,$2A5A $2A5D $2A5F $2A60 $2A63 $2A64 $2A65 $2A68 $2A69 $2A6A $2A6B $2A6C $2A6D $2A6E $2A6F $2A70 $2A71 $2A72 $2A73 $2A75 $2A76 $2A77 $2A78 $2A79 $2A7A $2A7B $2A7C $2A7D $2A7E $2A81 $2A82 $2A83 $2A86 $2A89 $2A8A $2A8B $2A8C $2A8F $2A91 $2A92 $2A93 $2A94 $2A96 $2A97 $2A98 $2A9A $2A9B $2A9E $2AA1 $2AA4 $2AA6 $2AA7 $2AAA $2AAD,score/fruit/hud,COMPLETE,AddGameplayScoreAndUpdateHighScore,Instruction behavior and known callers/consumers identify this role.,
FAMILY_298,$2AAF,6,$2AAF $2AB2 $2AB5 $2AB8 $2AB9 $2ABB,score/fruit/hud,COMPLETE,SelectCurrentPlayerScoreDisplayAddress,Instruction behavior and known callers/consumers identify this role.,
FAMILY_299,$2B0B,6,$2B0B $2B0E $2B11 $2B12 $2B13 $2B16,coin/credit/session,COMPLETE,SelectCurrentPlayerScoreRamAddress,Instruction behavior and known callers/consumers identify this role.,
FAMILY_300,$2B33,14,$2B33 $2B34 $2B35 $2B36 $2B37 $2B39 $2B3A $2B3C $2B3F $2B41 $2B44 $2B45 $2B48 $2B49,coin/credit/session,COMPLETE,AwardExtraLifeAndTriggerSound,Instruction behavior and known callers/consumers identify this role.,
FAMILY_301,$2BEA,53,$2BEA $2BED $2BEF $2BF0 $2BF3 $2BF4 $2BF6 $2BF9 $2BFC $2BFD $2BFF $2C02 $2C03 $2C06 $2C08 $2C09 $2C0A $2C0B $2C0C $2C0F $2C11 $2C12 $2C13 $2C14 $2C15 $2C16 $2C17 $2C19 $2C1A $2C1B $2C1E $2C20 $2C21 $2C22 $2C23 $2C26 $2C28 $2C29 $2C2A $2C2B $2C2C $2C2E $2C30 $2C32 $2C34 $2C36 $2C37 $2C39 $2C3C $2C3D $2C3E $2C3F $2C41,score/fruit/hud,COMPLETE,DrawLevelFruitHistoryHud,Instruction behavior and known callers/consumers identify this role.,
FAMILY_302,$0065,1,$0065,actor/ghost/motion,COMPLETE,ConvertSpritePositionToVideoAddressViaSharedMapper,Instruction behavior and known callers/consumers identify this role.,
FAMILY_303,$2000,7,$2000 $2003 $2006 $2007 $200A $200D $200E,actor/ghost/motion,COMPLETE,AddMovementVectorToSpritePosition,Instruction behavior and known callers/consumers identify this role.,
FAMILY_304,$200F,5,$200F $2012 $2015 $2016 $2017,maze/tile/collision,COMPLETE,ProbeMazeTileAtProposedPosition,Instruction behavior and known callers/consumers identify this role.,
FAMILY_305,$2018,13,$2018 $2019 $201B $201D $201F $2021 $2022 $2023 $2025 $2027 $2029 $202B $202C,actor/ghost/motion,COMPLETE,ConvertSpritePixelPositionToTileCoordinates,Instruction behavior and known callers/consumers identify this role.,
FAMILY_306,$202D,24,$202D $202E $202F $2030 $2032 $2033 $2034 $2036 $2037 $2039 $203B $203D $203F $2041 $2043 $2045 $2047 $2048 $204A $204B $204E $204F $2050 $2051,actor/ghost/motion,COMPLETE,ConvertTileCoordinatesToVideoRamAddress,Instruction behavior and known callers/consumers identify this role.,
FAMILY_307,$0263,2,$0263 $0266,scheduler/task,COMPLETE,ClearReadyMessageTimedTask,"Delayed-command selector #6 queues task $1C with parameter $86, the task used to erase the READY! message.",
FAMILY_308,$1000,5,$1000 $1001 $1004 $1007 $100A,score/fruit/hud,COMPLETE,ClearFruitSpriteTimedTask,Delayed-command selector #4 clears fruit-active state/timer and fruit sprite position state.,
FAMILY_309,$100B,6,$100B $100E $1011 $1012 $1013 $1016,score/fruit/hud,COMPLETE,ClearFruitScoreSpriteTimedTask,Delayed-command selector #5 queues the commands that clear the fruit-score sprite after its display interval.,
FAMILY_310,$1272,3,$1272 $1275 $1276,actor/ghost/motion,COMPLETE,IncrementEatenGhostAnimationStateTimedTask,"Delayed-command selector #3 increments $4DD1, the eaten-ghost score/animation state.",
FAMILY_311,$2052,4,$2052 $2055 $2058 $2059,maze/tile/collision,COMPLETE,ConvertTileCoordinatesToColorRamAddress,Instruction behavior and known callers/consumers identify this role.,
FAMILY_312,$205A,10,$205A $205D $205E $2060 $2062 $2064 $2065 $2066 $2067 $2068,maze/tile/collision,COMPLETE,SetGhostTunnelSlowdownFlagFromTileColor,Instruction behavior and known callers/consumers identify this role.,
FAMILY_313,$2069,17,$2069 $206C $206D $206E $2071 $2072 $2075 $2078 $207A $207B $207E $2081 $2084 $2085 $2086 $2088 $208B,actor/ghost/motion,COMPLETE,PinkyGhostHouseReleaseCheck,Checks Pinky house state and either global post-death or personal dot counter threshold before marking Pinky to leave.,
FAMILY_314,$208C,17,$208C $208F $2090 $2091 $2094 $2095 $2098 $209B $209D $209E $20A1 $20A4 $20A7 $20A8 $20A9 $20AB $20AE,actor/ghost/motion,COMPLETE,InkyGhostHouseReleaseCheck,Checks Inky house state and either global post-death or personal dot counter threshold before marking Inky to leave.,
FAMILY_315,$20AF,20,$20AF $20B2 $20B3 $20B4 $20B7 $20B8 $20BB $20BE $20C0 $20C1 $20C2 $20C5 $20C8 $20C9 $20CC $20CF $20D0 $20D1 $20D3 $20D6,actor/ghost/motion,COMPLETE,ClydeGhostHouseReleaseCheck,Checks Clyde house state and either global post-death or personal dot counter threshold before marking Clyde to leave/resetting global release mode.,
FAMILY_316,$20D7,27,$20D7 $20DA $20DB $20DC $20DF $20E2 $20E3 $20E6 $20E8 $20E9 $20EA $20ED $20EE $20EF $20F1 $20F4 $20F7 $20F8 $20F9 $20FB $20FC $20FD $2100 $2101 $2102 $2104 $2107,actor/ghost/motion,COMPLETE,ElroyDifficultyFlagsFromPelletCount,Sets the two Blinky Cruise Elroy difficulty flags when remaining-pellet counts cross the configured thresholds $4DBB/$4DBC.,
FAMILY_317,$04D8,3,$04D8 $04DB $04DD,intermission/attract,COMPLETE,AttractPointValueLegendDisplay,Attract-state handler queues the dot 10-point text and draws the energizer 50-point text legend.,
FAMILY_318,$04E0,24,$04E0 $04E2 $04E5 $04E8 $04E9 $04EC $04EF $04F2 $04F5 $04F7 $04FA $04FB $04FE $0501 $0504 $0506 $0508 $050B $050D $0511 $0514 $0517 $0519 $051B,intermission/attract,COMPLETE,PrepareAttractDemoAndInvisibleMaze,"Draws copyright text, initializes game/difficulty/ghost-house state and prepares the invisible-maze Pac-Man attract demo.",
FAMILY_319,$051C,18,$051C $051F $0521 $0524 $0525 $0527 $0529 $052C $052F $0532 $0535 $0538 $053B $053E $0541 $0544 $0547 $054A,intermission/attract,COMPLETE,RunPacmanAttractGameplayDemo,"Runs the Pac-Man-only chase/energizer attract demonstration, including core actor updates, ghost animation/colors and direction reversals.",
FAMILY_320,$054B,4,$054B $054E $0550 $0553,intermission/attract,COMPLETE,DemoReleasePinkyAtThreshold,Attract-state threshold handler releases Pinky when Blinky reaches the scripted X position.,
FAMILY_321,$0556,4,$0556 $0559 $055B $055E,intermission/attract,COMPLETE,DemoReleaseInkyAtThreshold,Attract-state threshold handler releases Inky when Blinky reaches the scripted X position.,
FAMILY_322,$0561,4,$0561 $0564 $0566 $0569,intermission/attract,COMPLETE,DemoReleaseClydeAtThreshold,Attract-state threshold handler releases Clyde when Blinky reaches the scripted X position.,
FAMILY_323,$056C,7,$056C $056F $0570 $0573 $0574 $0576 $0579,intermission/attract,COMPLETE,CheckAttractDemoCompletion,Combines eaten-ghost count and eaten-ghost animation state; advances the attract state once the scripted ghost-eating sequence is complete.,
FAMILY_324,$057C,2,$057C $057F,intermission/attract,COMPLETE,EndAttractDemoAndReturnToTitle,Calls the attract/demo cleanup routine and returns to the outer attract-state flow.,
FAMILY_325,$0940,22,$0940 $0943 $0944 $0946 $0949 $094A $094C $094F $0950 $0952 $0955 $0958 $095C $095F $0960 $0961 $0964 $0967 $0969 $096C $096E $0971,coin/credit/session,COMPLETE,GameOverCheckAndTwoPlayerTurnSwap,"Checks remaining players/lives, displays game-over transition when needed, or swaps the 46-byte per-player state block and activates the other player.",
FAMILY_326,$09E8,17,$09E8 $09EA $09EC $09EF $09F3 $09F6 $09F9 $09FC $09FD $09FE $0A00 $0A02 $0A04 $0A06 $0A08 $0A0A $0A0C,game-state/control,COMPLETE,EndOfLevelMazeFlashSequencer,"Alternates maze display commands at end of level, schedules state advancement, clears actors, and advances through the flashing sequence.",
FAMILY_327,$211A,13,$211A $211D $211F $2121 $2122 $2125 $2128 $2130 $2133 $2136 $2139 $213C $213F,intermission/attract,COMPLETE,FirstIntermissionState0ChaseUpdate,First-intermission state 0 advances Pac-Man/Blinky chase motion and switches Blinky state at the scripted Pac-Man X threshold.,
FAMILY_328,$2140,4,$2140 $2143 $2145 $2148,intermission/attract,COMPLETE,FirstIntermissionState1PositionGate,"First-intermission state 1 continues chase motion until Pac-Man reaches the scripted position, then advances the intermission state.",
FAMILY_329,$214B,13,$214B $214E $2150 $2153 $2156 $2157 $215A $215D $2160 $2163 $2166 $2169 $216D,intermission/attract,COMPLETE,FirstIntermissionState2EnergizerTurnSetup,"First-intermission state 2 waits for Blinky position, triggers energizer/reversal setup, clears sound channels and schedules the next state.",
FAMILY_330,$2170,4,$2170 $2173 $2175 $2178,intermission/attract,COMPLETE,FirstIntermissionState4BlinkyPositionGate,"First-intermission state 4 continues ghost motion until Blinky reaches the scripted X position, then advances.",
FAMILY_331,$217B,4,$217B $217E $2180 $2183,intermission/attract,COMPLETE,FirstIntermissionState5PacmanPositionGate,"First-intermission state 5 continues chase motion until Pac-Man reaches the scripted X position, then advances.",
FAMILY_332,$2186,10,$2186 $2189 $218C $218F $2191 $2192 $2195 $2199 $219C $219D,intermission/attract,COMPLETE,FirstIntermissionState6Finish,"Final first-intermission state advances Pac-Man, detects the terminal position, resets intermission state and schedules return to gameplay.",
FAMILY_333,$21C2,10,$21C2 $21C4 $21C7 $21CA $21CD $21D0 $21D3 $21D7 $21DB $21DF,intermission/attract,COMPLETE,InitializeSecondIntermissionSceneTilesAndDelay,Instruction behavior and known callers/consumers identify this role.,
FAMILY_334,$21E1,6,$21E1 $21E4 $21E6 $21E9 $21EA $21ED,intermission/attract,COMPLETE,ReleaseBlinkyAtSecondIntermissionPacmanThreshold,Instruction behavior and known callers/consumers identify this role.,
FAMILY_335,$21F5,9,$21F5 $21F8 $21FA $21FC $21FE $2201 $2204 $2207 $220A,intermission/attract,COMPLETE,ChangeSecondIntermissionSpeedAtBlinkyPosition,Instruction behavior and known callers/consumers identify this role.,
FAMILY_336,$220C,6,$220C $220F $2211 $2214 $2218 $221C,intermission/attract,COMPLETE,DrawSecondIntermissionRipAnimationStageOne,Instruction behavior and known callers/consumers identify this role.,
FAMILY_337,$221E,8,$221E $2221 $2223 $2225 $2229 $222D $2231 $2235,intermission/attract,COMPLETE,DrawSecondIntermissionRipAnimationStageTwo,Instruction behavior and known callers/consumers identify this role.,
FAMILY_338,$2237,5,$2237 $223A $223D $2240 $2243,intermission/attract,COMPLETE,AdvanceSecondIntermissionMotionFrame,Instruction behavior and known callers/consumers identify this role.,
FAMILY_339,$2244,8,$2244 $2247 $2249 $224B $224F $2253 $2257 $225B,intermission/attract,COMPLETE,DrawSecondIntermissionRipAnimationStageThree,Instruction behavior and known callers/consumers identify this role.,
FAMILY_340,$225D,5,$225D $2260 $2262 $2264 $2268,intermission/attract,COMPLETE,ScheduleSecondIntermissionPauseAtBlinkyEdge,Instruction behavior and known callers/consumers identify this role.,
FAMILY_341,$226A,9,$226A $226D $226E $226F $2273 $2277 $227B $227F $2283,intermission/attract,COMPLETE,AdvanceBlinkyAndDrawSecondIntermissionFinalRipStage,Instruction behavior and known callers/consumers identify this role.,
FAMILY_342,$2286,2,$2286 $228A,intermission/attract,COMPLETE,ScheduleSecondIntermissionFinalPause,Instruction behavior and known callers/consumers identify this role.,
FAMILY_343,$228D,6,$228D $228E $2291 $2294 $2295 $2296,intermission/attract,COMPLETE,FinishSecondIntermissionAndResumeGameplay,Instruction behavior and known callers/consumers identify this role.,
FAMILY_344,$22A7,7,$22A7 $22AA $22AC $22AF $22B0 $22B3 $22B6,intermission/attract,COMPLETE,ReleaseBlinkyAtThirdIntermissionPacmanThreshold,Instruction behavior and known callers/consumers identify this role.,
FAMILY_345,$22BE,13,$22BE $22C1 $22C3 $22C5 $22C7 $22CA $22CB $22CC $22CF $22D1 $22D4 $22D7 $22DB,intermission/attract,COMPLETE,WrapBlinkyAndRequestThirdIntermissionReversal,Instruction behavior and known callers/consumers identify this role.,
FAMILY_346,$22DD,3,$22DD $22E0 $22E2,intermission/attract,COMPLETE,GateThirdIntermissionAtFirstBlinkyTileThreshold,Instruction behavior and known callers/consumers identify this role.,
FAMILY_347,$22E4,6,$22E4 $22E7 $22EA $22ED $22EF $22F2,intermission/attract,COMPLETE,ProjectBlinkyPositionIntoIntermissionAuxSprite,Instruction behavior and known callers/consumers identify this role.,
FAMILY_348,$22F5,4,$22F5 $22F8 $22FA $22FC,intermission/attract,COMPLETE,GateThirdIntermissionAtSecondBlinkyTileThreshold,Instruction behavior and known callers/consumers identify this role.,
FAMILY_349,$22FE,6,$22FE $22FF $2302 $2306 $2309 $230A,intermission/attract,COMPLETE,FinishThirdIntermissionAndResumeGameplay,Instruction behavior and known callers/consumers identify this role.,
FAMILY_350,$171D,307,$171D $171F $1723 $1726 $1727 $1729 $172C $172D $172F $1732 $1733 $1736 $1737 $1739 $173C $173D $173F $1742 $1743 $1746 $1747 $1749 $174C $174D $174F $1752 $1753 $1756 $1757 $1759 $175C $175D $175F $1762 $1763 $1764 $1767 $176A $176B $176C $176F $1770 $1772 $1773 $1774 $1775 $1776 $1777 $177A $177D $177E $177F $1780 $1783 $1786 $1788 $1789 $178C $178D $178E $1791 $1792 $1793 $1795 $1797 $179B $179E $179F $17A1 $17A4 $17A7 $17A8 $17AA $17AD $17B0 $17B1 $17B4 $17B5 $17B8 $17B9 $17BB $17BE $17C1 $17C2 $17C4 $17C7 $17CA $17CB $17CE $17CF $17D2 $17D3 $17D5 $17D8 $17DB $17DC $17DE $17E1 $17E4 $17E5 $17E8 $17E9 $17EC $17ED $17EF $17F2 $17F5 $17F6 $17F8 $17FB $17FE $17FF $1802 $1803 $1806 $1809 $180B $180C $180F $1810 $1811 $1814 $1815 $1818 $181B $181C $181F $1822 $1824 $1827 $1828 $182B $182C $182F $1832 $1833 $1836 $1839 $183B $183E $183F $1842 $1843 $1846 $1849 $184C $184D $1850 $1851 $1852 $1855 $1856 $1858 $1859 $185B $185C $185E $185F $1861 $1864 $1866 $1869 $186C $186E $1871 $1874 $1876 $1879 $187A $187B $187D $1880 $1883 $1886 $1888 $188B $188E $1890 $1893 $1896 $1899 $189B $189E $18A1 $18A2 $18A5 $18A8 $18AB $18AE $18B0 $18B3 $18B6 $18B8 $18BB $18BC $18BD $18BF $18C2 $18C5 $18C8 $18CA $18CD $18CF $18D2 $18D4 $18D7 $18D9 $18DC $18DF $18E2 $18E4 $18E8 $18EC $18EF $18F1 $18F3 $18F5 $18F6 $18F9 $18FC $18FD $1900 $1903 $1905 $1907 $1908 $190B $190E $1910 $1912 $1913 $1916 $191A $191D $191F $1921 $1923 $1926 $1927 $192A $192D $192F $1931 $1932 $1935 $1938 $193A $193C $193D $1940 $1943 $1946 $1947 $194A $194D $1950 $1954 $1958 $195B $195E $195F $1962 $1963 $1965 $1967 $196A $196D $196E $1971 $1972 $1975 $1976 $1978 $197A $197D $1980 $1981 $1984 $1985 $1988 $198B $198E $1992 $1995 $1999 $199A $199B $199E $199F $19A1 $19A4 $19A5 $19A7 $19AA $19AD $19AE $19B0 $19B2 $19B4 $19B5 $19B8 $19BA $19BB $19BC $19BE $19C1 $19C4,actor/ghost/motion,COMPLETE,PacmanCollisionMovementAndFruitContactBank,"Large contiguous gameplay bank containing regular-ghost collision ($171D), frightened-ghost collision ($1789), Pac-Man movement ($1806 onward), coordinate/tile stepping and fruit-contact handling through $19C4.",
FAMILY_351,$19C8,55,$19C8 $19CB $19CD $19CF $19D2 $19D5 $19D8 $19D9 $19DB $19DD $19DF $19E0 $19E4 $19E7 $19E9 $19EB $19ED $19EE $19F0 $19F1 $19F3 $19F6 $19F7 $19F9 $19FC $19FD $1A00 $1A03 $1A06 $1A09 $1A0C $1A0D $1A0F $1A11 $1A13 $1A14 $1A16 $1A18 $1A19 $1A1C $1A1D $1A1E $1A21 $1A24 $1A26 $1A28 $1A2B $1A2E $1A31 $1A33 $1A35 $1A38 $1A3A $1A3D $1A3F,maze/tile/collision,COMPLETE,PacmanPelletConsumptionAndTurnDecisionBank,"Handles Pac-Man pellet/energizer tile consumption, dot count/score/sound updates, energizer activation callout, and queued turn/tunnel decision logic through $1A3F.",
FAMILY_352,$1A42,183,$1A42 $1A46 $1A4A $1A4D $1A50 $1A53 $1A56 $1A59 $1A5C $1A60 $1A64 $1A67 $1A6A $1A6D $1A6F $1A70 $1A73 $1A76 $1A78 $1A7B $1A7E $1A81 $1A84 $1A87 $1A8A $1A8D $1A90 $1A93 $1A96 $1A97 $1A9A $1A9D $1AA1 $1AA5 $1AA9 $1AAD $1AB1 $1AB5 $1AB9 $1ABD $1AC1 $1AC4 $1AC6 $1AC8 $1AC9 $1ACC $1ACE $1AD1 $1AD4 $1AD6 $1AD9 $1ADC $1ADD $1AE0 $1AE3 $1AE5 $1AE8 $1AEB $1AED $1AF0 $1AF3 $1AF5 $1AF8 $1AFB $1AFD $1B00 $1B03 $1B05 $1B08 $1B0B $1B0C $1B0F $1B12 $1B13 $1B14 $1B17 $1B18 $1B19 $1B1C $1B1D $1B20 $1B23 $1B24 $1B25 $1B28 $1B29 $1B2C $1B2F $1B30 $1B31 $1B34 $1B35 $1B36 $1B39 $1B3A $1B3B $1B3E $1B3F $1B40 $1B43 $1B46 $1B49 $1B4C $1B4F $1B50 $1B53 $1B56 $1B57 $1B5A $1B5D $1B5F $1B62 $1B63 $1B66 $1B67 $1B6A $1B6D $1B6E $1B71 $1B74 $1B75 $1B78 $1B7B $1B7D $1B80 $1B81 $1B84 $1B85 $1B88 $1B8B $1B8C $1B8F $1B92 $1B93 $1B96 $1B99 $1B9B $1B9E $1B9F $1BA2 $1BA3 $1BA6 $1BA9 $1BAA $1BAD $1BB0 $1BB1 $1BB4 $1BB7 $1BB9 $1BBC $1BBD $1BC0 $1BC1 $1BC4 $1BC7 $1BC8 $1BCB $1BCE $1BD0 $1BD3 $1BD4 $1BD7 $1BD8 $1BDB $1BDC $1BDD $1BE0 $1BE3 $1BE5 $1BE7 $1BEA $1BED $1BF0 $1BF2 $1BF4 $1BF7 $1BF9 $1BFC $1BFE $1C01 $1C02 $1C05,actor/ghost/motion,COMPLETE,EnergizerActivationAndBlinkyMovementControllerBank,"Contains demo Pac-Man movement, energizer/frightened-mode activation, direction-vector preparation, and the main Blinky movement controller beginning at $1B36.",
FAMILY_353,$1C08,7,$1C08 $1C0B $1C0E $1C11 $1C12 $1C14 $1C16,actor/ghost/motion,COMPLETE,BlinkyTunnelAndTurnDecisionTail,Blinky movement continuation selecting tunnel/turn behavior and queuing the direction task before rejoining the main movement path.,
FAMILY_354,$1C19,80,$1C19 $1C1C $1C20 $1C24 $1C27 $1C2A $1C2D $1C30 $1C33 $1C36 $1C3A $1C3E $1C41 $1C44 $1C47 $1C4A $1C4B $1C4E $1C50 $1C51 $1C54 $1C55 $1C56 $1C59 $1C5C $1C5F $1C62 $1C63 $1C66 $1C69 $1C6A $1C6D $1C70 $1C72 $1C75 $1C76 $1C79 $1C7A $1C7D $1C80 $1C81 $1C84 $1C87 $1C88 $1C8B $1C8E $1C90 $1C93 $1C94 $1C97 $1C98 $1C9B $1C9E $1C9F $1CA2 $1CA5 $1CA7 $1CAA $1CAB $1CAE $1CAF $1CB2 $1CB3 $1CB4 $1CB7 $1CBA $1CBC $1CBE $1CC1 $1CC4 $1CC7 $1CC9 $1CCB $1CCE $1CD0 $1CD3 $1CD5 $1CD8 $1CD9 $1CDC,actor/ghost/motion,COMPLETE,BlinkyMovementTailAndPinkyControllerBank,"Finishes Blinky directional stepping and contains the main Pinky movement controller, tunnel-speed checks, target-direction selection and coordinate update.",
FAMILY_355,$1CDF,7,$1CDF $1CE2 $1CE5 $1CE8 $1CE9 $1CEB $1CED,actor/ghost/motion,COMPLETE,PinkyTunnelAndTurnDecisionTail,Pinky movement continuation selecting tunnel/turn behavior and queuing the direction task before rejoining the main movement path.,
FAMILY_356,$1CF0,80,$1CF0 $1CF3 $1CF7 $1CFB $1CFE $1D01 $1D04 $1D07 $1D0A $1D0D $1D11 $1D15 $1D18 $1D1B $1D1E $1D21 $1D22 $1D25 $1D27 $1D28 $1D2B $1D2C $1D2D $1D30 $1D33 $1D36 $1D39 $1D3A $1D3D $1D40 $1D41 $1D44 $1D47 $1D49 $1D4C $1D4D $1D50 $1D51 $1D54 $1D57 $1D58 $1D5B $1D5E $1D5F $1D62 $1D65 $1D67 $1D6A $1D6B $1D6E $1D6F $1D72 $1D75 $1D76 $1D79 $1D7C $1D7E $1D81 $1D82 $1D85 $1D86 $1D89 $1D8A $1D8B $1D8E $1D91 $1D93 $1D95 $1D98 $1D9B $1D9E $1DA0 $1DA2 $1DA5 $1DA7 $1DAA $1DAC $1DAF $1DB0 $1DB3,actor/ghost/motion,COMPLETE,PinkyMovementTailAndInkyControllerBank,"Finishes Pinky directional stepping and contains the main Inky movement controller, tunnel-speed checks, target-direction selection and coordinate update.",
FAMILY_357,$1DB6,7,$1DB6 $1DB9 $1DBC $1DBF $1DC0 $1DC2 $1DC4,actor/ghost/motion,COMPLETE,InkyTunnelAndTurnDecisionTail,Inky movement continuation selecting tunnel/turn behavior and queuing the direction task before rejoining the main movement path.,
FAMILY_358,$1DC7,80,$1DC7 $1DCA $1DCE $1DD2 $1DD5 $1DD8 $1DDB $1DDE $1DE1 $1DE4 $1DE8 $1DEC $1DEF $1DF2 $1DF5 $1DF8 $1DF9 $1DFC $1DFE $1DFF $1E02 $1E03 $1E04 $1E07 $1E0A $1E0D $1E10 $1E11 $1E14 $1E17 $1E18 $1E1B $1E1E $1E20 $1E23 $1E24 $1E27 $1E28 $1E2B $1E2E $1E2F $1E32 $1E35 $1E36 $1E39 $1E3C $1E3E $1E41 $1E42 $1E45 $1E46 $1E49 $1E4C $1E4D $1E50 $1E53 $1E55 $1E58 $1E59 $1E5C $1E5D $1E60 $1E61 $1E62 $1E65 $1E68 $1E6A $1E6C $1E6F $1E72 $1E75 $1E77 $1E79 $1E7C $1E7E $1E81 $1E83 $1E86 $1E87 $1E8A,actor/ghost/motion,COMPLETE,InkyMovementTailAndClydeControllerBank,"Finishes Inky directional stepping and contains the main Clyde movement controller, tunnel-speed checks, target-direction selection and coordinate update.",
FAMILY_359,$1E8D,7,$1E8D $1E90 $1E93 $1E96 $1E97 $1E99 $1E9B,actor/ghost/motion,COMPLETE,ClydeTunnelAndTurnDecisionTail,Clyde movement continuation selecting tunnel/turn behavior and queuing the direction task before rejoining the main movement path.,
FAMILY_360,$1E9E,117,$1E9E $1EA1 $1EA5 $1EA9 $1EAC $1EAF $1EB2 $1EB5 $1EB8 $1EBB $1EBF $1EC3 $1EC6 $1EC9 $1ECC $1ECF $1ED0 $1ED1 $1ED2 $1ED4 $1ED7 $1ED8 $1ED9 $1EDB $1EDE $1EE0 $1EE3 $1EE5 $1EE8 $1EEA $1EED $1EEF $1EF0 $1EF3 $1EF4 $1EF6 $1EF7 $1EFA $1EFB $1EFC $1EFD $1EFE $1F01 $1F02 $1F03 $1F04 $1F07 $1F0A $1F0D $1F0F $1F12 $1F13 $1F14 $1F17 $1F1A $1F1C $1F1D $1F20 $1F21 $1F24 $1F25 $1F28 $1F29 $1F2A $1F2B $1F2E $1F31 $1F34 $1F36 $1F39 $1F3A $1F3B $1F3E $1F41 $1F43 $1F44 $1F47 $1F48 $1F4B $1F4C $1F4F $1F50 $1F51 $1F52 $1F55 $1F58 $1F5B $1F5D $1F60 $1F61 $1F62 $1F65 $1F68 $1F6A $1F6B $1F6E $1F6F $1F72 $1F73 $1F76 $1F77 $1F78 $1F79 $1F7C $1F7F $1F82 $1F84 $1F87 $1F88 $1F89 $1F8C $1F8F $1F91 $1F92 $1F95 $1F96 $1F99,actor/ghost/motion,COMPLETE,ClydeMovementTailAndGhostReversalHelpers,Finishes Clyde directional stepping and contains shared tunnel test plus Blinky/Pinky/Inky/Clyde direction-reversal helpers at $1EFE/$1F25/$1F4C/$1F73.,
FAMILY_361,$05A5,13,$05A5 $05A8 $05A9 $05AA $05AB $05AE $05B1 $05B3 $05B6 $05B7 $05BA $05BB $05BE,actor/ghost/motion,COMPLETE,PacmanEnergizerDirectionReversal,"Consumes the Pac-Man change-orientation flag, reverses the current orientation and loads the matching movement vector; used at energizer/cutscene reversal points.",
FAMILY_362,$0A89,1,$0A89,maze/tile/collision,COMPLETE,InitializePelletOccupancyState,Calls $24C9 during level setup to initialize the RAM pellet/power-pellet occupancy map before advancing the state.,
FAMILY_363,$0AA6,11,$0AA6 $0AA8 $0AAC $0AB0 $0AB3 $0AB6 $0AB9 $0ABC $0ABE $0AC0 $0AC2,coin/credit/session,COMPLETE,SwapTwoPlayerPerLevelStateBlocks,Swaps the 46-byte $4E0A-$4E37 and $4E38-$4E65 player state blocks when alternating players.,
FAMILY_364,$0AC8,103,$0AC8 $0ACC $0AD0 $0AD3 $0AD6 $0AD9 $0ADD $0AE0 $0AE1 $0AE3 $0AE6 $0AE7 $0AE9 $0AEB $0AEE $0AF0 $0AF2 $0AF5 $0AF7 $0AF9 $0AFB $0AFE $0B01 $0B02 $0B04 $0B07 $0B08 $0B0A $0B0C $0B0E $0B11 $0B13 $0B17 $0B1A $0B1E $0B21 $0B23 $0B26 $0B28 $0B2C $0B2F $0B33 $0B36 $0B37 $0B39 $0B3C $0B3D $0B3F $0B41 $0B43 $0B46 $0B48 $0B4C $0B4F $0B53 $0B56 $0B58 $0B5B $0B5D $0B61 $0B64 $0B68 $0B6B $0B6C $0B6E $0B71 $0B72 $0B74 $0B76 $0B78 $0B7B $0B7D $0B81 $0B84 $0B88 $0B8B $0B8D $0B90 $0B92 $0B96 $0B99 $0B9D $0BA0 $0BA1 $0BA3 $0BA6 $0BA7 $0BA9 $0BAB $0BAD $0BB0 $0BB2 $0BB6 $0BB9 $0BBD $0BC0 $0BC2 $0BC5 $0BC7 $0BCB $0BCE $0BD2 $0BD5,actor/ghost/motion,COMPLETE,FrightenedGhostFlashAndColorController,Uses frightened timer/state at $4DC8/$4DA6-$4DAA to alternate blue/white ghost sprite codes/colors and count down the flash interval.,
FAMILY_365,$0C09,2,$0C09 $0C0C,actor/ghost/motion,COMPLETE,ClydeSpriteColorWriteTail,Final frightened/dead-ghost color path writes the selected color byte into Clyde sprite color slot (IX+9).,
FAMILY_366,$0C15,22,$0C15 $0C17 $0C1A $0C1C $0C1E $0C21 $0C23 $0C24 $0C26 $0C28 $0C29 $0C2C $0C2F $0C32 $0C33 $0C36 $0C38 $0C39 $0C3B $0C3D $0C3E $0C41,maze/tile/collision,COMPLETE,PowerPelletVisibleFlashUpdate,Resets the flash divider and toggles the four energizer screen tiles between visible pellet frames during play or attract mode.,
FAMILY_367,$0C47,171,$0C47 $0C4A $0C4B $0C4E $0C4F $0C52 $0C53 $0C56 $0C5A $0C5E $0C61 $0C64 $0C66 $0C69 $0C6C $0C6F $0C71 $0C74 $0C77 $0C7A $0C7D $0C80 $0C83 $0C85 $0C88 $0C8B $0C8D $0C90 $0C93 $0C95 $0C98 $0C9A $0C9D $0CA0 $0CA2 $0CA5 $0CA7 $0CAA $0CAD $0CB0 $0CB4 $0CB8 $0CBB $0CBE $0CC1 $0CC5 $0CC9 $0CCC $0CCF $0CD1 $0CD4 $0CD7 $0CDA $0CDC $0CDF $0CE2 $0CE5 $0CE8 $0CEB $0CEE $0CF0 $0CF3 $0CF6 $0CF8 $0CFB $0CFE $0D00 $0D03 $0D05 $0D08 $0D0B $0D0D $0D10 $0D12 $0D15 $0D18 $0D1B $0D1F $0D23 $0D26 $0D29 $0D2C $0D2F $0D31 $0D34 $0D38 $0D3C $0D3F $0D42 $0D43 $0D46 $0D49 $0D4C $0D4E $0D51 $0D53 $0D56 $0D59 $0D5D $0D61 $0D64 $0D67 $0D69 $0D6C $0D6F $0D72 $0D74 $0D77 $0D7A $0D7D $0D80 $0D83 $0D86 $0D88 $0D8B $0D8E $0D90 $0D93 $0D96 $0D98 $0D99 $0D9B $0D9E $0DA1 $0DA3 $0DA6 $0DA8 $0DAB $0DAE $0DB1 $0DB5 $0DB9 $0DBC $0DBF $0DC0 $0DC3 $0DC5 $0DC8 $0DCC $0DD0 $0DD3 $0DD6 $0DD8 $0DDB $0DDE $0DE1 $0DE3 $0DE4 $0DE6 $0DE9 $0DEA $0DEE $0DF2 $0DF5 $0DF8 $0DFA $0DFD $0E00 $0E03 $0E05 $0E06 $0E09 $0E0C $0E0F $0E12 $0E15 $0E17 $0E1A $0E1D $0E1F $0E22,actor/ghost/motion,COMPLETE,GhostHouseExitMovementController,"Moves Blinky/Pinky/Inky/Clyde through their ghost-house exit trajectories, sets tile positions/orientations, and marks each ghost outside when the scripted coordinates are reached.",
FAMILY_368,$0E2B,5,$0E2B $0E2D $0E30 $0E32 $0E35,actor/ghost/motion,COMPLETE,ToggleGhostAnimationFrame,"Resets the eight-step animation divider and toggles $4DC0, the shared ghost animation frame selector.",
FAMILY_369,$0E3B,23,$0E3B $0E3E $0E40 $0E41 $0E42 $0E45 $0E46 $0E49 $0E4A $0E4C $0E50 $0E52 $0E55 $0E58 $0E59 $0E5B $0E5C $0E5E $0E5F $0E62 $0E65 $0E68 $0E6B,actor/ghost/motion,COMPLETE,ScatterChaseReversalScheduler,"Counts the configured reversal intervals from $4D86, advances the reversal phase index, and sets per-ghost reversal request flags $4DB1-$4DB4.",
FAMILY_370,$0EB2,38,$0EB2 $0EB5 $0EB6 $0EB7 $0EBA $0EBC $0EBE $0EC0 $0EC1 $0EC4 $0EC5 $0EC6 $0EC9 $0ECA $0ECC $0ECF $0ED0 $0ED1 $0ED4 $0ED5 $0ED8 $0EDB $0EDE $0EE1 $0EE3 $0EE5 $0EE7 $0EE8 $0EE9 $0EEA $0EEB $0EEE $0EEF $0EF0 $0EF3 $0EF4 $0EF5 $0EF8,score/fruit/hud,COMPLETE,FruitSpawnTriggerAndLevelSelection,"At pellet counts 70 and 170, if no fruit is active, selects fruit sprite/value/timer from the level table at $0EFD and schedules its expiration.",
FAMILY_371,$0EFC,1,$0EFC,score/fruit/hud,COMPLETE,FruitSpawnScheduleReturn,Return path immediately following the inline delayed-command payload used by fruit spawning.,
FAMILY_372,$101F,55,$101F $1022 $1025 $1028 $102B $102E $1031 $1032 $1035 $1038 $1039 $103C $103F $1042 $1043 $1044 $1047 $104A $104D $1050 $1053 $1056 $1058 $1059 $105C $105F $1062 $1065 $1066 $1069 $106A $106B $106C $106E $1071 $1072 $1075 $1076 $1077 $1079 $107C $107D $1080 $1081 $1082 $1084 $1087 $1088 $108B $108C $108F $1090 $1093 $1094 $1097,actor/ghost/motion,COMPLETE,GameplayGhostCollisionAndMovementFrameController,"Central ghost-side gameplay tick: resolves eaten/dead states, dispatches returning-eyes behavior, handles regular/frightened collisions, updates Pac-Man plus all four ghosts, frightened timer and house-release checks.",
FAMILY_373,$109E,2,$109E $10A1,actor/ghost/motion,COMPLETE,PinkyGhostStateDispatch,Dispatches Pinky state $4DAD through the returning-eyes/house state table.,
FAMILY_374,$10A8,2,$10A8 $10AB,actor/ghost/motion,COMPLETE,InkyGhostStateDispatch,Dispatches Inky state $4DAE through the returning-eyes/house state table.,
FAMILY_375,$10B4,2,$10B4 $10B7,actor/ghost/motion,COMPLETE,ClydeGhostStateDispatch,Dispatches Clyde state $4DAF through the returning-eyes/house state table.,
FAMILY_376,$10C0,150,$10C0 $10C3 $10C6 $10C9 $10CA $10CC $10CD $10D0 $10D1 $10D2 $10D6 $10DA $10DD $10E0 $10E2 $10E5 $10E8 $10EB $10ED $10EE $10F1 $10F4 $10F7 $10F8 $10FB $10FE $1101 $1105 $1108 $110B $110E $1111 $1112 $1115 $1117 $1118 $111B $111E $1121 $1122 $1124 $1125 $1128 $1129 $112A $112E $1132 $1135 $1138 $113A $113D $1140 $1143 $1145 $1146 $1149 $114C $114F $1150 $1153 $1156 $1159 $115C $115F $1162 $1165 $1166 $1168 $1169 $116C $116D $116E $1172 $1176 $1179 $117C $117E $1181 $1184 $1187 $1189 $118A $118D $118E $118F $1193 $1197 $119A $119D $119F $11A2 $11A5 $11A8 $11AA $11AB $11AE $11B1 $11B4 $11B6 $11B9 $11BC $11BD $11C0 $11C3 $11C6 $11C9 $11CC $11CF $11D2 $11D3 $11D5 $11D6 $11D9 $11DA $11DB $11DF $11E3 $11E6 $11E9 $11EB $11EE $11F1 $11F4 $11F6 $11F7 $11FA $11FB $11FC $1200 $1204 $1207 $120A $120B $120E $1211 $1214 $1216 $1217 $121A $121D $1220 $1222 $1225 $1228 $1229 $122C $122F $1232 $1235 $1238,actor/ghost/motion,COMPLETE,EatenGhostEyesReturnToHouseControllers,"Per-ghost state handlers steer Blinky/Pinky/Inky/Clyde eyes back into the ghost house, restore tile/orientation/house state, and stop the eyes-return sound once all are normal.",
FAMILY_377,$123F,26,$123F $1242 $1245 $1246 $1247 $1249 $124A $124D $124E $1250 $1253 $1255 $1256 $1257 $125A $125B $125E $125F $1261 $1263 $1265 $1266 $1267 $1269 $126B $126E,score/fruit/hud,COMPLETE,EatenGhostPointSpriteAndDelaySetup,"Builds the 200/400/800/1600 eaten-ghost point sprite for the collided ghost, handles cocktail flip, and schedules the next eaten-ghost animation state.",
FAMILY_378,$1277,11,$1277 $1279 $127B $127E $1281 $1284 $1285 $1288 $128B $128E $1290,actor/ghost/motion,COMPLETE,FinalizeEatenGhostToEyesTransition,"Replaces the point sprite, records which ghost transitions to eyes state, clears collision/score state, and enables the eyes-return sound effect.",
FAMILY_379,$1376,43,$1376 $1379 $137A $137B $137F $1382 $1385 $1388 $138B $138E $1391 $1392 $1395 $1396 $1397 $1398 $139B $139D $13A0 $13A1 $13A4 $13A7 $13AA $13AB $13AE $13B1 $13B4 $13B5 $13B8 $13BB $13BE $13BF $13C2 $13C5 $13C6 $13C9 $13CC $13CF $13D2 $13D5 $13D8 $13DA $13DC,actor/ghost/motion,COMPLETE,FrightenedModeTimerExpirationAndCleanup,"Controls the blue-ghost timer and, when time expires or all frightened ghosts are resolved, restores sprite/color flags, clears frightened counters and disables frightened sound state.",
FAMILY_380,$13FD,18,$13FD $1400 $1403 $1406 $1407 $1408 $140B $140C $140D $1410 $1411 $1412 $1415 $1416 $1417 $141A $141B $141E,actor/ghost/motion,COMPLETE,GhostHouseReleaseSequenceTrigger,"Resets the release timeout counter and invokes Pinky/Inky/Clyde release thresholds in order, stopping at the first ghost still waiting as required by the house-release rules.",
FAMILY_381,$0038,4,$0038 $0039 $003C $003F,interrupt/startup,COMPLETE,OriginalHardwareRst38InterruptAndCoinCounterClearLoop,Instruction behavior and known callers/consumers identify this role.,
