pc,length
$0000,1
$0001,2
$0003,2
$0005,3
$0008,1
$0009,1
$000A,2
$000C,1
$000D,3
$0010,1
$0011,1
$0012,2
$0014,1
$0015,1
$0016,1
$0017,1
$0018,1
$0019,1
$001A,1
$001B,1
$001C,1
$001D,1
$001E,1
$001F,1
$0020,1
$0021,1
$0022,1
$0023,1
$0024,1
$0025,1
$0026,1
$0027,1
$0028,1
$0029,1
$002A,1
$002B,1
$002C,1
$002D,1
$002E,2
$0030,3
$0033,2
$0035,3
$0038,1
$0039,3
$003C,3
$003F,3
$0042,3
$0045,1
$0046,1
$0047,1
$0048,1
$0049,2
$004B,2
$004D,3
$0050,1
$0051,1
$0052,1
$0053,2
$0055,1
$0056,1
$0057,1
$0058,2
$005A,1
$005B,1
$005C,2
$005E,1
$005F,1
$0060,1
$0061,1
$0062,2
$0064,1
$0065,3
$008D,1
$008E,3
$0091,1
$0092,3
$0095,1
$0096,1
$0097,1
$0098,1
$0099,2
$009B,2
$009D,3
$00A0,3
$00A3,3
$00A6,2
$00A8,3
$00AB,1
$00AC,3
$00AF,2
$00B1,3
$00B4,3
$00B7,3
$00BA,1
$00BB,3
$00BE,2
$00C0,3
$00C3,3
$00C6,3
$00C9,1
$00CA,3
$00CD,2
$00CF,3
$00D2,3
$00D5,3
$00D8,3
$00DB,3
$00DE,2
$00E0,4
$00E4,3
$00E7,1
$00E8,1
$00E9,3
$00EC,3
$00EF,1
$00F0,1
$00F1,3
$00F4,3
$00F7,1
$00F8,1
$00F9,3
$00FC,3
$00FF,1
$0100,1
$0101,3
$0104,3
$0107,1
$0108,1
$0109,3
$010C,3
$010F,1
$0110,1
$0111,3
$0114,3
$0117,2
$0119,2
$011B,4
$011F,3
$0122,1
$0123,1
$0124,2
$0126,2
$0128,3
$012B,4
$012F,3
$0132,3
$0135,3
$0138,3
$013B,3
$013E,3
$0141,3
$0144,3
$0147,3
$014A,3
$014D,3
$0150,3
$0153,3
$0156,1
$0157,3
$015A,4
$015E,4
$0162,3
$0165,3
$0168,3
$016B,3
$016E,4
$0172,4
$0176,3
$0179,3
$017C,3
$017F,2
$0181,3
$0184,3
$0187,3
$018A,2
$018C,3
$018F,3
$0192,3
$0195,3
$0198,1
$0199,2
$019B,3
$019E,3
$01A1,3
$01A4,3
$01A7,3
$01AA,3
$01AD,3
$01B0,1
$01B1,2
$01B3,3
$01B6,3
$01B9,3
$01BC,3
$01BF,2
$01C1,2
$01C3,1
$01C4,1
$01C5,1
$01C6,3
$01C9,1
$01CA,2
$01CC,3
$01CF,2
$01D1,3
$01D4,2
$01D6,3
$01D9,1
$01DA,1
$01DB,1
$01DC,3
$01DF,1
$01E0,1
$01E1,1
$01E2,1
$01E3,3
$01E6,3
$01E9,1
$01EA,1
$01EB,2
$01ED,1
$01EE,1
$01EF,2
$01F1,1
$01F2,1
$01F3,2
$01F5,2
$01F7,1
$01F8,1
$01F9,1
$01FA,2
$01FC,1
$01FD,1
$01FE,2
$0200,1
$0201,1
$0202,2
$0204,3
$0207,1
$0208,1
$0209,1
$020A,1
$020B,1
$020C,1
$020D,1
$020E,1
$020F,1
$0210,1
$0211,1
$0212,1
$0213,1
$0214,1
$0215,1
$0216,1
$0217,1
$0218,1
$0221,3
$0224,3
$0227,1
$0228,2
$022A,1
$022B,1
$022C,2
$022E,2
$0230,1
$0231,1
$0232,1
$0233,2
$0235,1
$0236,1
$0237,2
$0239,2
$023B,1
$023C,1
$023D,1
$023E,1
$023F,1
$0240,1
$0241,1
$0242,3
$0245,1
$0246,1
$025B,1
$025C,1
$025D,1
$025E,1
$025F,1
$0260,2
$0262,1
$0263,1
$0266,1
$0267,3
$026A,2
$026C,1
$026D,3
$0270,1
$0271,1
$0272,3
$0275,1
$0276,2
$0278,3
$027B,1
$027C,2
$027E,3
$0281,2
$0283,3
$0286,2
$0288,3
$028B,1
$028C,2
$028E,3
$0291,2
$0293,3
$0296,3
$0299,1
$029A,2
$029C,3
$029F,1
$02A0,2
$02A2,3
$02A5,2
$02A7,1
$02A8,3
$02AB,1
$02AC,1
$02AD,3
$02B0,1
$02B1,1
$02B2,1
$02B3,3
$02B6,1
$02B7,2
$02B9,3
$02BC,2
$02BE,3
$02C1,3
$02C4,1
$02C5,2
$02C7,3
$02CA,1
$02CB,3
$02CE,1
$02CF,1
$02D0,3
$02D3,2
$02D5,1
$02D6,3
$02D9,1
$02DA,1
$02DB,3
$02DE,1
$02DF,3
$02E2,3
$02E5,1
$02E6,1
$02E7,1
$02E8,1
$02E9,3
$02EC,3
$02EF,1
$02F0,1
$02F1,3
$02F4,2
$02F6,1
$02F7,3
$02FA,2
$02FC,1
$02FD,3
$0300,1
$0301,1
$0302,2
$0304,2
$0306,1
$0307,1
$0308,1
$0309,1
$030A,1
$030B,1
$030C,3
$030F,1
$0310,1
$0311,1
$0312,3
$0315,2
$0317,2
$0319,1
$031A,1
$031B,2
$031D,1
$031E,3
$0321,1
$0322,3
$0325,4
$0329,4
$032D,3
$0330,2
$0332,3
$0335,3
$0338,2
$033A,3
$033D,3
$0340,3
$0343,1
$0344,3
$0347,1
$0348,3
$034B,3
$034E,2
$0350,3
$0353,3
$0356,3
$0359,2
$035B,3
$035E,3
$0361,3
$0364,1
$0365,3
$0368,1
$0369,4
$036D,4
$0371,4
$0375,1
$0376,4
$037A,4
$037E,4
$0382,1
$0383,4
$0387,4
$038B,4
$038F,1
$0390,4
$0394,4
$0398,4
$039C,1
$039D,3
$03A0,2
$03A2,1
$03A3,3
$03A6,2
$03A8,2
$03AA,1
$03AB,3
$03AE,3
$03B1,1
$03B2,3
$03B5,3
$03B8,1
$03B9,1
$03BA,3
$03BD,3
$03C0,1
$03C1,3
$03C4,3
$03C7,1
$03C8,3
$03CB,1
$03D4,3
$03D7,1
$03DC,1
$03DF,1
$03E2,1
$03E5,1
$03E8,1
$03EB,1
$03EE,1
$03F1,1
$03F4,3
$03F7,1
$03F8,3
$03FB,2
$03FD,1
$03FE,3
$0401,3
$0404,1
$0405,2
$0407,1
$0408,3
$040B,3
$040E,3
$0411,1
$0412,1
$0413,3
$0416,1
$045F,1
$0462,1
$0465,1
$0468,1
$046B,2
$046D,3
$0470,1
$0471,3
$0474,2
$0476,3
$0479,2
$047B,3
$047E,1
$047F,2
$0481,3
$0484,1
$0485,2
$0487,3
$048A,1
$048B,3
$048E,2
$0490,3
$0493,2
$0495,3
$0498,1
$0499,2
$049B,3
$049E,1
$049F,2
$04A1,3
$04A4,1
$04A5,3
$04A8,2
$04AA,3
$04AD,2
$04AF,3
$04B2,1
$04B3,2
$04B5,3
$04B8,1
$04B9,2
$04BB,3
$04BE,1
$04BF,3
$04C2,2
$04C4,3
$04C7,2
$04C9,3
$04CC,1
$04CD,2
$04CF,3
$04D2,1
$04D3,2
$04D5,3
$04D8,1
$04DB,2
$04DD,3
$04E0,2
$04E2,3
$04E5,3
$04E8,1
$04E9,1
$04EC,1
$04EF,1
$04F2,1
$04F5,2
$04F7,3
$04FA,1
$04FB,3
$04FE,3
$0501,3
$0504,2
$0506,2
$0508,3
$050B,2
$050D,4
$0511,3
$0514,3
$0517,2
$0519,2
$051B,1
$051C,3
$051F,2
$0521,3
$0524,1
$0525,2
$0527,2
$0529,3
$052C,3
$052F,3
$0532,3
$0535,3
$0538,3
$053B,3
$053E,3
$0541,3
$0544,3
$0547,3
$054A,1
$054B,3
$054E,2
$0550,3
$0553,3
$0556,3
$0559,2
$055B,3
$055E,3
$0561,3
$0564,2
$0566,3
$0569,3
$056C,3
$056F,1
$0570,3
$0573,1
$0574,2
$0576,3
$0579,3
$057C,3
$057F,1
$0580,3
$0583,1
$0584,1
$0585,2
$0587,3
$058A,1
$058E,3
$0591,1
$0592,1
$0593,3
$0596,1
$0597,1
$0598,2
$059A,3
$059D,1
$05A1,3
$05A4,1
$05A5,3
$05A8,1
$05A9,1
$05AA,1
$05AB,3
$05AE,3
$05B1,2
$05B3,3
$05B6,1
$05B7,3
$05BA,1
$05BB,3
$05BE,1
$05BF,2
$05C1,1
$05C2,2
$05C4,1
$05C5,2
$05C7,3
$05CA,1
$05CB,2
$05CD,1
$05CE,2
$05D0,1
$05D1,2
$05D3,3
$05D6,1
$05D7,1
$05D8,1
$05D9,1
$05DA,1
$05DB,1
$05DC,1
$05DD,2
$05DF,1
$05E0,1
$05E1,1
$05E2,1
$05E3,1
$05E4,1
$05E5,3
$05E8,1
$05F3,3
$05F6,1
$05F9,1
$05FC,1
$05FF,1
$0602,1
$0605,3
$0608,1
$0609,2
$060B,3
$060E,3
$0611,2
$0613,1
$0614,1
$0617,1
$061A,1
$061B,3
$061E,3
$0621,2
$0623,2
$0625,2
$0627,2
$0629,3
$062C,3
$062F,2
$0631,3
$0634,2
$0636,2
$0638,2
$063A,2
$063C,3
$063F,3
$0642,2
$0644,1
$0645,1
$0646,3
$0649,3
$064C,1
$064D,2
$064F,3
$0652,1
$0653,3
$0656,2
$0658,2
$065A,1
$065B,2
$065D,1
$065E,3
$0661,3
$0664,3
$0667,1
$0668,1
$0669,3
$066C,1
$066D,3
$0670,3
$0673,1
$0674,1
$0677,1
$067A,1
$067D,1
$0680,1
$0683,1
$0686,1
$0689,1
$068C,1
$068F,1
$0690,3
$0693,3
$0696,3
$0699,3
$069C,1
$069F,1
$06A3,3
$06A6,1
$06A7,1
$06A8,3
$06AB,1
$06AC,3
$06AF,1
$06B0,3
$06B3,3
$06B6,3
$06B9,3
$06BC,1
$06BD,1
$06BE,3
$06C1,1
$070E,1
$070F,1
$0710,2
$0712,3
$0715,1
$0716,4
$071A,1
$071B,1
$071C,1
$071D,1
$071E,1
$071F,1
$0720,2
$0722,2
$0724,3
$0727,1
$0728,1
$0729,1
$072A,1
$072B,1
$072C,1
$072D,1
$072E,1
$072F,1
$0730,1
$0731,2
$0733,3
$0736,1
$0737,3
$073A,3
$073D,3
$0740,3
$0743,1
$0744,1
$0745,1
$0746,1
$0747,2
$0749,3
$074C,1
$074D,3
$0750,3
$0753,1
$0754,1
$0755,2
$0757,4
$075B,2
$075D,3
$0760,3
$0763,3
$0766,3
$0769,1
$076A,1
$076B,2
$076D,4
$0771,2
$0773,3
$0776,3
$0779,3
$077C,3
$077F,1
$0780,1
$0781,2
$0783,4
$0787,2
$0789,3
$078C,3
$078F,3
$0792,3
$0795,1
$0814,3
$0817,3
$081A,2
$081C,3
$081F,1
$0820,2
$0822,2
$0824,3
$0827,1
$0828,2
$082A,2
$082C,3
$082F,1
$0830,2
$0832,2
$0834,3
$0837,2
$0839,1
$083A,3
$083D,3
$0840,2
$0842,1
$0879,3
$087C,1
$087D,2
$087F,1
$0880,3
$0883,3
$0886,3
$0889,3
$088C,3
$088F,3
$0892,2
$0894,3
$0897,1
$0898,1
$0899,3
$089C,1
$089D,2
$089F,2
$08A1,3
$08A4,1
$08A5,1
$08A8,1
$08AB,1
$08AE,1
$08B1,1
$08B4,1
$08B7,1
$08BB,1
$08BF,3
$08C2,1
$08C3,3
$08C6,1
$08C7,3
$08CA,3
$08CD,3
$08D0,2
$08D2,3
$08D5,3
$08D8,2
$08DA,1
$08DD,1
$08DE,3
$08E1,2
$08E3,2
$08E5,3
$08E8,2
$08EA,1
$08EB,3
$08EE,3
$08F1,3
$08F4,3
$08F7,3
$08FA,3
$08FD,3
$0900,3
$0903,3
$0906,3
$0909,3
$090C,1
$090D,2
$090F,3
$0912,3
$0915,3
$0918,1
$0919,3
$091C,1
$091D,2
$091F,3
$0922,1
$0923,2
$0925,3
$0928,1
$0929,2
$092B,3
$092E,2
$0930,1
$0931,2
$0933,3
$0936,1
$0939,1
$093D,1
$093E,1
$093F,1
$0940,3
$0943,1
$0944,2
$0946,3
$0949,1
$094A,2
$094C,3
$094F,1
$0950,2
$0952,3
$0955,1
$0958,1
$095C,3
$095F,1
$0960,1
$0961,3
$0964,3
$0967,2
$0969,3
$096C,2
$096E,3
$0971,1
$0972,1
$0973,3
$0976,3
$0979,3
$097C,3
$097F,3
$0982,2
$0984,3
$0987,1
$0988,1
$098B,1
$098E,1
$0991,1
$0994,1
$0997,1
$099A,1
$099D,1
$09A0,1
$09A3,1
$09A6,1
$09A9,3
$09AC,2
$09AE,2
$09B0,1
$09B3,1
$09B6,1
$09BA,3
$09BD,1
$09BE,2
$09C0,1
$09C4,3
$09C7,1
$09C8,3
$09CB,1
$09CC,3
$09CF,3
$09D2,2
$09D4,3
$09D7,1
$09D8,1
$09DC,3
$09DF,1
$09E0,1
$09E1,3
$09E4,3
$09E7,1
$09E8,2
$09EA,2
$09EC,3
$09EF,1
$09F3,3
$09F6,3
$09F9,3
$09FC,1
$09FD,1
$09FE,2
$0A00,2
$0A02,2
$0A04,2
$0A06,2
$0A08,2
$0A0A,2
$0A0C,2
$0A0E,1
$0A11,1
$0A14,1
$0A17,1
$0A1A,1
$0A1D,1
$0A20,1
$0A23,1
$0A27,3
$0A2A,1
$0A2B,1
$0A2C,1
$0A2D,3
$0A30,3
$0A33,2
$0A35,3
$0A38,3
$0A3B,3
$0A3E,2
$0A40,2
$0A42,2
$0A44,1
$0A6F,3
$0A72,1
$0A73,1
$0A74,1
$0A75,3
$0A78,3
$0A7B,1
$0A7C,1
$0A7D,3
$0A80,3
$0A83,2
$0A85,3
$0A88,1
$0A89,3
$0A8C,3
$0A8F,1
$0A90,3
$0A93,1
$0A94,3
$0A97,1
$0A98,2
$0A9A,1
$0A9B,1
$0A9C,3
$0A9F,1
$0AA0,3
$0AA3,3
$0AA6,2
$0AA8,4
$0AAC,4
$0AB0,3
$0AB3,3
$0AB6,3
$0AB9,3
$0ABC,2
$0ABE,2
$0AC0,2
$0AC2,1
$0AC3,3
$0AC6,1
$0AC7,1
$0AC8,4
$0ACC,4
$0AD0,3
$0AD3,3
$0AD6,3
$0AD9,4
$0ADD,3
$0AE0,1
$0AE1,2
$0AE3,3
$0AE6,1
$0AE7,2
$0AE9,2
$0AEB,3
$0AEE,2
$0AF0,2
$0AF2,3
$0AF5,2
$0AF7,2
$0AF9,2
$0AFB,3
$0AFE,3
$0B01,1
$0B02,2
$0B04,3
$0B07,1
$0B08,2
$0B0A,2
$0B0C,2
$0B0E,3
$0B11,2
$0B13,4
$0B17,3
$0B1A,4
$0B1E,3
$0B21,2
$0B23,3
$0B26,2
$0B28,4
$0B2C,3
$0B2F,4
$0B33,3
$0B36,1
$0B37,2
$0B39,3
$0B3C,1
$0B3D,2
$0B3F,2
$0B41,2
$0B43,3
$0B46,2
$0B48,4
$0B4C,3
$0B4F,4
$0B53,3
$0B56,2
$0B58,3
$0B5B,2
$0B5D,4
$0B61,3
$0B64,4
$0B68,3
$0B6B,1
$0B6C,2
$0B6E,3
$0B71,1
$0B72,2
$0B74,2
$0B76,2
$0B78,3
$0B7B,2
$0B7D,4
$0B81,3
$0B84,4
$0B88,3
$0B8B,2
$0B8D,3
$0B90,2
$0B92,4
$0B96,3
$0B99,4
$0B9D,3
$0BA0,1
$0BA1,2
$0BA3,3
$0BA6,1
$0BA7,2
$0BA9,2
$0BAB,2
$0BAD,3
$0BB0,2
$0BB2,4
$0BB6,3
$0BB9,4
$0BBD,3
$0BC0,2
$0BC2,3
$0BC5,2
$0BC7,4
$0BCB,3
$0BCE,4
$0BD2,3
$0BD5,1
$0BD6,2
$0BD8,3
$0BDB,2
$0BDD,3
$0BE0,2
$0BE2,4
$0BE6,3
$0BE9,1
$0BEA,3
$0BED,3
$0BF0,3
$0BF3,1
$0BF4,3
$0BF7,3
$0BFA,3
$0BFD,1
$0BFE,3
$0C01,3
$0C04,3
$0C07,1
$0C08,1
$0C09,3
$0C0C,1
$0C0D,3
$0C10,1
$0C11,2
$0C13,1
$0C14,1
$0C15,2
$0C17,3
$0C1A,2
$0C1C,2
$0C1E,3
$0C21,2
$0C23,1
$0C24,2
$0C26,2
$0C28,1
$0C29,3
$0C2C,3
$0C2F,3
$0C32,1
$0C33,3
$0C36,2
$0C38,1
$0C39,2
$0C3B,2
$0C3D,1
$0C3E,3
$0C41,1
$0C42,3
$0C45,1
$0C46,1
$0C47,3
$0C4A,1
$0C4B,3
$0C4E,1
$0C4F,3
$0C52,1
$0C53,3
$0C56,4
$0C5A,4
$0C5E,3
$0C61,3
$0C64,2
$0C66,3
$0C69,3
$0C6C,3
$0C6F,2
$0C71,3
$0C74,3
$0C77,3
$0C7A,3
$0C7D,3
$0C80,3
$0C83,2
$0C85,3
$0C88,3
$0C8B,2
$0C8D,3
$0C90,3
$0C93,2
$0C95,3
$0C98,2
$0C9A,3
$0C9D,3
$0CA0,2
$0CA2,3
$0CA5,2
$0CA7,3
$0CAA,3
$0CAD,3
$0CB0,4
$0CB4,4
$0CB8,3
$0CBB,3
$0CBE,3
$0CC1,4
$0CC5,4
$0CC9,3
$0CCC,3
$0CCF,2
$0CD1,3
$0CD4,3
$0CD7,3
$0CDA,2
$0CDC,3
$0CDF,3
$0CE2,3
$0CE5,3
$0CE8,3
$0CEB,3
$0CEE,2
$0CF0,3
$0CF3,3
$0CF6,2
$0CF8,3
$0CFB,3
$0CFE,2
$0D00,3
$0D03,2
$0D05,3
$0D08,3
$0D0B,2
$0D0D,3
$0D10,2
$0D12,3
$0D15,3
$0D18,3
$0D1B,4
$0D1F,4
$0D23,3
$0D26,3
$0D29,3
$0D2C,3
$0D2F,2
$0D31,3
$0D34,4
$0D38,4
$0D3C,3
$0D3F,3
$0D42,1
$0D43,3
$0D46,3
$0D49,3
$0D4C,2
$0D4E,3
$0D51,2
$0D53,3
$0D56,3
$0D59,4
$0D5D,4
$0D61,3
$0D64,3
$0D67,2
$0D69,3
$0D6C,3
$0D6F,3
$0D72,2
$0D74,3
$0D77,3
$0D7A,3
$0D7D,3
$0D80,3
$0D83,3
$0D86,2
$0D88,3
$0D8B,3
$0D8E,2
$0D90,3
$0D93,3
$0D96,2
$0D98,1
$0D99,2
$0D9B,3
$0D9E,3
$0DA1,2
$0DA3,3
$0DA6,2
$0DA8,3
$0DAB,3
$0DAE,3
$0DB1,4
$0DB5,4
$0DB9,3
$0DBC,3
$0DBF,1
$0DC0,3
$0DC3,2
$0DC5,3
$0DC8,4
$0DCC,4
$0DD0,3
$0DD3,3
$0DD6,2
$0DD8,3
$0DDB,3
$0DDE,3
$0DE1,2
$0DE3,1
$0DE4,2
$0DE6,3
$0DE9,1
$0DEA,4
$0DEE,4
$0DF2,3
$0DF5,3
$0DF8,2
$0DFA,3
$0DFD,3
$0E00,3
$0E03,2
$0E05,1
$0E06,3
$0E09,3
$0E0C,3
$0E0F,3
$0E12,3
$0E15,2
$0E17,3
$0E1A,3
$0E1D,2
$0E1F,3
$0E22,1
$0E23,3
$0E26,1
$0E27,2
$0E29,1
$0E2A,1
$0E2B,2
$0E2D,3
$0E30,2
$0E32,3
$0E35,1
$0E36,3
$0E39,1
$0E3A,1
$0E3B,3
$0E3E,2
$0E40,1
$0E41,1
$0E42,3
$0E45,1
$0E46,3
$0E49,1
$0E4A,2
$0E4C,4
$0E50,2
$0E52,3
$0E55,3
$0E58,1
$0E59,2
$0E5B,1
$0E5C,2
$0E5E,1
$0E5F,3
$0E62,3
$0E65,3
$0E68,3
$0E6B,1
$0E6C,3
$0E6F,1
$0E70,2
$0E72,1
$0E73,3
$0E76,1
$0E77,3
$0E7A,2
$0E7C,3
$0E7F,2
$0E81,2
$0E83,1
$0E84,1
$0E85,2
$0E87,1
$0E88,1
$0E89,2
$0E8B,2
$0E8D,1
$0E8E,1
$0E8F,2
$0E91,1
$0E92,1
$0E93,2
$0E95,2
$0E97,1
$0E98,1
$0E99,2
$0E9B,1
$0E9C,1
$0E9D,2
$0E9F,2
$0EA1,1
$0EA2,1
$0EA3,2
$0EA5,1
$0EA6,1
$0EA7,1
$0EA8,1
$0EA9,2
$0EAB,1
$0EAC,1
$0EAD,3
$0EB0,1
$0EB1,1
$0EB2,3
$0EB5,1
$0EB6,1
$0EB7,3
$0EBA,2
$0EBC,2
$0EBE,2
$0EC0,1
$0EC1,3
$0EC4,1
$0EC5,1
$0EC6,3
$0EC9,1
$0ECA,2
$0ECC,3
$0ECF,1
$0ED0,1
$0ED1,3
$0ED4,1
$0ED5,3
$0ED8,3
$0EDB,3
$0EDE,3
$0EE1,2
$0EE3,2
$0EE5,2
$0EE7,1
$0EE8,1
$0EE9,1
$0EEA,1
$0EEB,3
$0EEE,1
$0EEF,1
$0EF0,3
$0EF3,1
$0EF4,1
$0EF5,3
$0EF8,1
$0EFC,1
$1000,1
$1001,3
$1004,3
$1007,3
$100A,1
$100B,1
$100E,3
$1011,1
$1012,1
$1013,1
$1016,1
$1017,3
$101A,3
$101D,1
$101E,1
$101F,3
$1022,3
$1025,3
$1028,3
$102B,3
$102E,3
$1031,1
$1032,3
$1035,3
$1038,1
$1039,3
$103C,3
$103F,3
$1042,1
$1043,1
$1044,3
$1047,3
$104A,3
$104D,3
$1050,3
$1053,3
$1056,2
$1058,1
$1059,3
$105C,3
$105F,3
$1062,3
$1065,1
$1066,3
$1069,1
$106A,1
$106B,1
$106C,2
$106E,3
$1071,1
$1072,3
$1075,1
$1076,1
$1077,2
$1079,3
$107C,1
$107D,3
$1080,1
$1081,1
$1082,2
$1084,3
$1087,1
$1088,3
$108B,1
$108C,3
$108F,1
$1090,3
$1093,1
$1094,3
$1097,1
$109E,3
$10A1,1
$10A8,3
$10AB,1
$10B4,3
$10B7,1
$10C0,3
$10C3,3
$10C6,3
$10C9,1
$10CA,2
$10CC,1
$10CD,3
$10D0,1
$10D1,1
$10D2,4
$10D6,4
$10DA,3
$10DD,3
$10E0,2
$10E2,3
$10E5,3
$10E8,3
$10EB,2
$10ED,1
$10EE,3
$10F1,3
$10F4,3
$10F7,1
$10F8,3
$10FB,3
$10FE,3
$1101,4
$1105,3
$1108,3
$110B,3
$110E,3
$1111,1
$1112,3
$1115,2
$1117,1
$1118,3
$111B,3
$111E,3
$1121,1
$1122,2
$1124,1
$1125,3
$1128,1
$1129,1
$112A,4
$112E,4
$1132,3
$1135,3
$1138,2
$113A,3
$113D,3
$1140,3
$1143,2
$1145,1
$1146,3
$1149,3
$114C,3
$114F,1
$1150,3
$1153,3
$1156,3
$1159,3
$115C,3
$115F,3
$1162,3
$1165,1
$1166,2
$1168,1
$1169,3
$116C,1
$116D,1
$116E,4
$1172,4
$1176,3
$1179,3
$117C,2
$117E,3
$1181,3
$1184,3
$1187,2
$1189,1
$118A,3
$118D,1
$118E,1
$118F,4
$1193,4
$1197,3
$119A,3
$119D,2
$119F,3
$11A2,3
$11A5,3
$11A8,2
$11AA,1
$11AB,3
$11AE,3
$11B1,3
$11B4,2
$11B6,3
$11B9,3
$11BC,1
$11BD,3
$11C0,3
$11C3,3
$11C6,3
$11C9,3
$11CC,3
$11CF,3
$11D2,1
$11D3,2
$11D5,1
$11D6,3
$11D9,1
$11DA,1
$11DB,4
$11DF,4
$11E3,3
$11E6,3
$11E9,2
$11EB,3
$11EE,3
$11F1,3
$11F4,2
$11F6,1
$11F7,3
$11FA,1
$11FB,1
$11FC,4
$1200,4
$1204,3
$1207,3
$120A,1
$120B,3
$120E,3
$1211,3
$1214,2
$1216,1
$1217,3
$121A,3
$121D,3
$1220,2
$1222,3
$1225,3
$1228,1
$1229,3
$122C,3
$122F,3
$1232,3
$1235,3
$1238,1
$123F,3
$1242,3
$1245,1
$1246,1
$1247,2
$1249,1
$124A,3
$124D,1
$124E,2
$1250,3
$1253,2
$1255,1
$1256,1
$1257,3
$125A,1
$125B,3
$125E,1
$125F,2
$1261,2
$1263,2
$1265,1
$1266,1
$1267,2
$1269,2
$126B,3
$126E,1
$1272,3
$1275,1
$1276,1
$1277,2
$1279,2
$127B,3
$127E,3
$1281,3
$1284,1
$1285,3
$1288,3
$128B,3
$128E,2
$1290,1
$1291,3
$1294,1
$12B7,3
$12BA,1
$12BB,3
$12BE,3
$12C1,1
$12C2,2
$12C4,1
$12C5,2
$12C7,3
$12CA,1
$12CB,3
$12CE,3
$12D1,2
$12D3,3
$12D6,1
$12D7,3
$12DA,1
$12DB,3
$12DE,1
$12DF,2
$12E1,2
$12E3,1
$12E4,1
$12E5,1
$12E6,3
$12E9,3
$12EC,1
$12ED,3
$12F0,1
$12F1,2
$12F3,1
$12F4,3
$12F7,1
$12F8,1
$12F9,3
$12FC,2
$12FE,2
$1300,3
$1303,3
$1306,2
$1308,3
$130B,3
$130E,2
$1310,3
$1313,3
$1316,2
$1318,3
$131B,3
$131E,2
$1320,3
$1323,3
$1326,2
$1328,3
$132B,3
$132E,2
$1330,3
$1333,3
$1336,2
$1338,3
$133B,3
$133E,2
$1340,3
$1343,3
$1346,3
$1349,2
$134B,2
$134D,3
$1350,3
$1353,2
$1355,3
$1358,3
$135B,1
$135C,3
$135F,3
$1362,1
$1363,2
$1365,1
$1366,3
$1369,1
$136A,3
$136D,1
$136E,3
$1371,3
$1374,1
$1375,1
$1376,3
$1379,1
$137A,1
$137B,4
$137F,3
$1382,3
$1385,3
$1388,3
$138B,3
$138E,3
$1391,1
$1392,3
$1395,1
$1396,1
$1397,1
$1398,3
$139B,2
$139D,3
$13A0,1
$13A1,3
$13A4,3
$13A7,3
$13AA,1
$13AB,3
$13AE,3
$13B1,3
$13B4,1
$13B5,3
$13B8,3
$13BB,3
$13BE,1
$13BF,3
$13C2,3
$13C5,1
$13C6,3
$13C9,3
$13CC,3
$13CF,3
$13D2,3
$13D5,3
$13D8,2
$13DA,2
$13DC,1
$13DD,3
$13E0,3
$13E3,1
$13E4,3
$13E7,3
$13EA,3
$13ED,1
$13EE,3
$13F1,1
$13F2,3
$13F5,4
$13F9,1
$13FA,2
$13FC,1
$13FD,3
$1400,3
$1403,3
$1406,1
$1407,1
$1408,3
$140B,1
$140C,1
$140D,3
$1410,1
$1411,1
$1412,3
$1415,1
$1416,1
$1417,3
$141A,1
$141B,3
$141E,1
$141F,3
$1422,1
$1423,3
$1426,1
$1427,1
$1428,1
$1429,4
$142D,2
$142F,2
$1431,2
$1433,3
$1436,1
$1437,3
$143A,3
$143D,1
$143E,1
$143F,3
$1442,3
$1445,1
$1446,3
$1449,3
$144C,1
$144D,1
$144E,3
$1451,3
$1454,1
$1455,3
$1458,3
$145B,1
$145C,1
$145D,3
$1460,3
$1463,1
$1464,3
$1467,3
$146A,1
$146B,1
$146C,3
$146F,3
$1472,1
$1473,3
$1476,3
$1479,1
$147A,1
$147B,3
$147E,3
$1481,1
$1482,3
$1485,3
$1488,1
$1489,1
$148A,3
$148D,3
$1490,3
$1493,1
$1494,3
$1497,1
$1498,1
$1499,1
$149A,2
$149C,2
$149E,2
$14A0,4
$14A4,3
$14A7,1
$14A8,1
$14A9,3
$14AC,3
$14AF,1
$14B0,3
$14B3,3
$14B6,1
$14B7,1
$14B8,3
$14BB,3
$14BE,1
$14BF,3
$14C2,3
$14C5,1
$14C6,1
$14C7,3
$14CA,3
$14CD,1
$14CE,3
$14D1,3
$14D4,1
$14D5,1
$14D6,3
$14D9,3
$14DC,1
$14DD,3
$14E0,3
$14E3,1
$14E4,1
$14E5,3
$14E8,3
$14EB,1
$14EC,3
$14EF,3
$14F2,1
$14F3,1
$14F4,3
$14F7,3
$14FA,1
$14FB,3
$14FE,3
$1501,1
$1502,3
$1505,3
$1508,1
$1509,3
$150C,3
$150F,1
$1510,3
$1513,1
$151C,1
$151D,1
$151E,2
$1520,2
$1522,3
$1525,1
$1526,1
$1527,2
$1529,1
$152A,1
$152B,3
$152E,3
$1531,2
$1533,2
$1535,2
$1537,2
$1539,1
$153A,1
$153B,3
$153E,2
$1540,2
$1542,2
$1544,2
$1546,1
$1547,1
$1548,3
$154B,3
$154E,1
$154F,2
$1551,1
$1552,3
$1555,3
$1558,3
$155B,3
$155E,2
$1560,3
$1563,1
$1564,2
$1566,3
$1569,1
$156A,2
$156C,3
$156F,1
$1570,1
$1571,1
$1572,3
$1575,3
$1578,1
$1579,2
$157B,3
$157E,1
$157F,2
$1581,3
$1584,1
$1585,1
$1586,1
$1587,3
$158A,3
$158D,1
$158E,2
$1590,3
$1593,1
$1594,2
$1596,3
$1599,1
$159A,1
$159B,1
$159C,3
$159F,3
$15A2,1
$15A3,2
$15A5,3
$15A8,1
$15A9,2
$15AB,3
$15AE,1
$15AF,1
$15B0,1
$15B1,3
$15B4,3
$15B7,3
$15BA,3
$15BD,1
$15BE,1
$15BF,1
$15C0,2
$15C2,3
$15C5,1
$15C6,3
$15C9,3
$15CC,1
$15CD,3
$15D0,3
$15D3,1
$15D4,3
$15D7,3
$15DA,1
$15DB,3
$15DE,3
$15E1,1
$15E2,3
$15E5,1
$15E6,3
$15E9,2
$15EB,1
$15EC,3
$15EF,2
$15F1,2
$15F3,2
$15F5,2
$15F7,2
$15F9,2
$15FB,2
$15FD,2
$15FF,2
$1601,2
$1603,2
$1605,2
$1607,2
$1609,2
$160B,3
$160E,1
$160F,3
$1612,1
$1613,3
$1616,1
$1617,3
$161A,4
$161E,2
$1620,3
$1623,3
$1626,3
$1629,3
$162C,1
$162D,3
$1630,1
$1631,1
$1632,1
$1633,3
$1636,2
$1638,2
$163A,4
$163E,1
$163F,2
$1641,1
$1642,4
$1646,4
$164A,2
$164C,1
$164D,4
$1651,1
$1652,3
$1655,1
$1656,1
$1657,1
$1658,3
$165B,2
$165D,2
$165F,4
$1663,1
$1664,2
$1666,1
$1667,3
$166A,2
$166C,1
$166D,3
$1670,1
$1671,2
$1673,1
$1674,3
$1677,2
$1679,1
$167A,1
$167B,1
$167C,2
$167E,1
$167F,3
$1682,1
$1683,1
$1684,3
$1687,4
$168B,1
$168C,3
$168F,2
$1691,2
$1693,2
$1695,4
$1699,1
$169A,2
$169C,2
$169E,4
$16A2,1
$16A3,2
$16A5,2
$16A7,4
$16AB,1
$16AC,4
$16B0,1
$16B1,3
$16B4,2
$16B6,2
$16B8,2
$16BA,4
$16BE,1
$16BF,2
$16C1,2
$16C3,4
$16C7,1
$16C8,2
$16CA,2
$16CC,4
$16D0,1
$16D1,4
$16D5,1
$16D6,3
$16D9,2
$16DB,2
$16DD,2
$16DF,2
$16E1,2
$16E3,3
$16E6,1
$16E7,2
$16E9,2
$16EB,2
$16ED,2
$16EF,2
$16F1,2
$16F3,2
$16F5,2
$16F7,3
$16FA,2
$16FC,2
$16FE,2
$1700,4
$1704,1
$1705,2
$1707,2
$1709,2
$170B,2
$170D,3
$1710,1
$1711,2
$1713,2
$1715,2
$1717,2
$1719,2
$171B,2
$171D,2
$171F,4
$1723,3
$1726,1
$1727,2
$1729,3
$172C,1
$172D,2
$172F,3
$1732,1
$1733,3
$1736,1
$1737,2
$1739,3
$173C,1
$173D,2
$173F,3
$1742,1
$1743,3
$1746,1
$1747,2
$1749,3
$174C,1
$174D,2
$174F,3
$1752,1
$1753,3
$1756,1
$1757,2
$1759,3
$175C,1
$175D,2
$175F,3
$1762,1
$1763,1
$1764,3
$1767,3
$176A,1
$176B,1
$176C,3
$176F,1
$1770,2
$1772,1
$1773,1
$1774,1
$1775,1
$1776,1
$1777,3
$177A,3
$177D,1
$177E,1
$177F,1
$1780,3
$1783,3
$1786,2
$1788,1
$1789,3
$178C,1
$178D,1
$178E,3
$1791,1
$1792,1
$1793,2
$1795,2
$1797,4
$179B,3
$179E,1
$179F,2
$17A1,3
$17A4,3
$17A7,1
$17A8,2
$17AA,3
$17AD,3
$17B0,1
$17B1,3
$17B4,1
$17B5,3
$17B8,1
$17B9,2
$17BB,3
$17BE,3
$17C1,1
$17C2,2
$17C4,3
$17C7,3
$17CA,1
$17CB,3
$17CE,1
$17CF,3
$17D2,1
$17D3,2
$17D5,3
$17D8,3
$17DB,1
$17DC,2
$17DE,3
$17E1,3
$17E4,1
$17E5,3
$17E8,1
$17E9,3
$17EC,1
$17ED,2
$17EF,3
$17F2,3
$17F5,1
$17F6,2
$17F8,3
$17FB,3
$17FE,1
$17FF,3
$1802,1
$1803,3
$1806,3
$1809,2
$180B,1
$180C,3
$180F,1
$1810,1
$1811,3
$1814,1
$1815,3
$1818,3
$181B,1
$181C,3
$181F,3
$1822,2
$1824,3
$1827,1
$1828,3
$182B,1
$182C,3
$182F,3
$1832,1
$1833,3
$1836,3
$1839,2
$183B,3
$183E,1
$183F,3
$1842,1
$1843,3
$1846,3
$1849,3
$184C,1
$184D,3
$1850,1
$1851,1
$1852,3
$1855,1
$1856,2
$1858,1
$1859,2
$185B,1
$185C,2
$185E,1
$185F,2
$1861,3
$1864,2
$1866,3
$1869,3
$186C,2
$186E,3
$1871,3
$1874,2
$1876,3
$1879,1
$187A,1
$187B,2
$187D,3
$1880,3
$1883,3
$1886,2
$1888,3
$188B,3
$188E,2
$1890,3
$1893,3
$1896,3
$1899,2
$189B,3
$189E,3
$18A1,1
$18A2,3
$18A5,3
$18A8,3
$18AB,3
$18AE,2
$18B0,3
$18B3,3
$18B6,2
$18B8,3
$18BB,1
$18BC,1
$18BD,2
$18BF,3
$18C2,3
$18C5,3
$18C8,2
$18CA,3
$18CD,2
$18CF,3
$18D2,2
$18D4,3
$18D7,2
$18D9,3
$18DC,3
$18DF,3
$18E2,2
$18E4,4
$18E8,4
$18EC,3
$18EF,2
$18F1,2
$18F3,2
$18F5,1
$18F6,3
$18F9,3
$18FC,1
$18FD,3
$1900,3
$1903,2
$1905,2
$1907,1
$1908,3
$190B,3
$190E,2
$1910,2
$1912,1
$1913,3
$1916,4
$191A,3
$191D,2
$191F,2
$1921,2
$1923,3
$1926,1
$1927,3
$192A,3
$192D,2
$192F,2
$1931,1
$1932,3
$1935,3
$1938,2
$193A,2
$193C,1
$193D,3
$1940,3
$1943,3
$1946,1
$1947,3
$194A,3
$194D,3
$1950,4
$1954,4
$1958,3
$195B,3
$195E,1
$195F,3
$1962,1
$1963,2
$1965,2
$1967,3
$196A,3
$196D,1
$196E,3
$1971,1
$1972,3
$1975,1
$1976,2
$1978,2
$197A,3
$197D,3
$1980,1
$1981,3
$1984,1
$1985,3
$1988,3
$198B,3
$198E,4
$1992,3
$1995,4
$1999,1
$199A,1
$199B,3
$199E,1
$199F,2
$19A1,3
$19A4,1
$19A5,2
$19A7,3
$19AA,3
$19AD,1
$19AE,2
$19B0,2
$19B2,2
$19B4,1
$19B5,3
$19B8,2
$19BA,1
$19BB,1
$19BC,2
$19BE,3
$19C1,3
$19C4,1
$19C8,3
$19CB,2
$19CD,2
$19CF,3
$19D2,3
$19D5,3
$19D8,1
$19D9,2
$19DB,2
$19DD,2
$19DF,1
$19E0,4
$19E4,3
$19E7,2
$19E9,2
$19EB,2
$19ED,1
$19EE,2
$19F0,1
$19F1,2
$19F3,3
$19F6,1
$19F7,2
$19F9,3
$19FC,1
$19FD,3
$1A00,3
$1A03,3
$1A06,3
$1A09,3
$1A0C,1
$1A0D,2
$1A0F,2
$1A11,2
$1A13,1
$1A14,2
$1A16,2
$1A18,1
$1A19,3
$1A1C,1
$1A1D,1
$1A1E,3
$1A21,3
$1A24,2
$1A26,2
$1A28,3
$1A2B,3
$1A2E,3
$1A31,2
$1A33,2
$1A35,3
$1A38,2
$1A3A,3
$1A3D,2
$1A3F,1
$1A42,4
$1A46,4
$1A4A,3
$1A4D,3
$1A50,3
$1A53,3
$1A56,3
$1A59,3
$1A5C,4
$1A60,4
$1A64,3
$1A67,3
$1A6A,3
$1A6D,2
$1A6F,1
$1A70,3
$1A73,3
$1A76,2
$1A78,3
$1A7B,3
$1A7E,3
$1A81,3
$1A84,3
$1A87,3
$1A8A,3
$1A8D,3
$1A90,3
$1A93,3
$1A96,1
$1A97,3
$1A9A,3
$1A9D,4
$1AA1,4
$1AA5,4
$1AA9,4
$1AAD,4
$1AB1,4
$1AB5,4
$1AB9,4
$1ABD,4
$1AC1,3
$1AC4,2
$1AC6,2
$1AC8,1
$1AC9,3
$1ACC,2
$1ACE,3
$1AD1,3
$1AD4,2
$1AD6,3
$1AD9,3
$1ADC,1
$1ADD,3
$1AE0,3
$1AE3,2
$1AE5,3
$1AE8,3
$1AEB,2
$1AED,3
$1AF0,3
$1AF3,2
$1AF5,3
$1AF8,3
$1AFB,2
$1AFD,3
$1B00,3
$1B03,2
$1B05,3
$1B08,3
$1B0B,1
$1B0C,3
$1B0F,3
$1B12,1
$1B13,1
$1B14,3
$1B17,1
$1B18,1
$1B19,3
$1B1C,1
$1B1D,3
$1B20,3
$1B23,1
$1B24,1
$1B25,3
$1B28,1
$1B29,3
$1B2C,3
$1B2F,1
$1B30,1
$1B31,3
$1B34,1
$1B35,1
$1B36,3
$1B39,1
$1B3A,1
$1B3B,3
$1B3E,1
$1B3F,1
$1B40,3
$1B43,3
$1B46,3
$1B49,3
$1B4C,3
$1B4F,1
$1B50,3
$1B53,3
$1B56,1
$1B57,3
$1B5A,3
$1B5D,2
$1B5F,3
$1B62,1
$1B63,3
$1B66,1
$1B67,3
$1B6A,3
$1B6D,1
$1B6E,3
$1B71,3
$1B74,1
$1B75,3
$1B78,3
$1B7B,2
$1B7D,3
$1B80,1
$1B81,3
$1B84,1
$1B85,3
$1B88,3
$1B8B,1
$1B8C,3
$1B8F,3
$1B92,1
$1B93,3
$1B96,3
$1B99,2
$1B9B,3
$1B9E,1
$1B9F,3
$1BA2,1
$1BA3,3
$1BA6,3
$1BA9,1
$1BAA,3
$1BAD,3
$1BB0,1
$1BB1,3
$1BB4,3
$1BB7,2
$1BB9,3
$1BBC,1
$1BBD,3
$1BC0,1
$1BC1,3
$1BC4,3
$1BC7,1
$1BC8,3
$1BCB,3
$1BCE,2
$1BD0,3
$1BD3,1
$1BD4,3
$1BD7,1
$1BD8,3
$1BDB,1
$1BDC,1
$1BDD,3
$1BE0,3
$1BE3,2
$1BE5,2
$1BE7,3
$1BEA,3
$1BED,3
$1BF0,2
$1BF2,2
$1BF4,3
$1BF7,2
$1BF9,3
$1BFC,2
$1BFE,3
$1C01,1
$1C02,3
$1C05,1
$1C08,3
$1C0B,3
$1C0E,3
$1C11,1
$1C12,2
$1C14,2
$1C16,1
$1C19,3
$1C1C,4
$1C20,4
$1C24,3
$1C27,3
$1C2A,3
$1C2D,3
$1C30,3
$1C33,3
$1C36,4
$1C3A,4
$1C3E,3
$1C41,3
$1C44,3
$1C47,3
$1C4A,1
$1C4B,3
$1C4E,2
$1C50,1
$1C51,3
$1C54,1
$1C55,1
$1C56,3
$1C59,3
$1C5C,3
$1C5F,3
$1C62,1
$1C63,3
$1C66,3
$1C69,1
$1C6A,3
$1C6D,3
$1C70,2
$1C72,3
$1C75,1
$1C76,3
$1C79,1
$1C7A,3
$1C7D,3
$1C80,1
$1C81,3
$1C84,3
$1C87,1
$1C88,3
$1C8B,3
$1C8E,2
$1C90,3
$1C93,1
$1C94,3
$1C97,1
$1C98,3
$1C9B,3
$1C9E,1
$1C9F,3
$1CA2,3
$1CA5,2
$1CA7,3
$1CAA,1
$1CAB,3
$1CAE,1
$1CAF,3
$1CB2,1
$1CB3,1
$1CB4,3
$1CB7,3
$1CBA,2
$1CBC,2
$1CBE,3
$1CC1,3
$1CC4,3
$1CC7,2
$1CC9,2
$1CCB,3
$1CCE,2
$1CD0,3
$1CD3,2
$1CD5,3
$1CD8,1
$1CD9,3
$1CDC,1
$1CDF,3
$1CE2,3
$1CE5,3
$1CE8,1
$1CE9,2
$1CEB,2
$1CED,1
$1CF0,3
$1CF3,4
$1CF7,4
$1CFB,3
$1CFE,3
$1D01,3
$1D04,3
$1D07,3
$1D0A,3
$1D0D,4
$1D11,4
$1D15,3
$1D18,3
$1D1B,3
$1D1E,3
$1D21,1
$1D22,3
$1D25,2
$1D27,1
$1D28,3
$1D2B,1
$1D2C,1
$1D2D,3
$1D30,3
$1D33,3
$1D36,3
$1D39,1
$1D3A,3
$1D3D,3
$1D40,1
$1D41,3
$1D44,3
$1D47,2
$1D49,3
$1D4C,1
$1D4D,3
$1D50,1
$1D51,3
$1D54,3
$1D57,1
$1D58,3
$1D5B,3
$1D5E,1
$1D5F,3
$1D62,3
$1D65,2
$1D67,3
$1D6A,1
$1D6B,3
$1D6E,1
$1D6F,3
$1D72,3
$1D75,1
$1D76,3
$1D79,3
$1D7C,2
$1D7E,3
$1D81,1
$1D82,3
$1D85,1
$1D86,3
$1D89,1
$1D8A,1
$1D8B,3
$1D8E,3
$1D91,2
$1D93,2
$1D95,3
$1D98,3
$1D9B,3
$1D9E,2
$1DA0,2
$1DA2,3
$1DA5,2
$1DA7,3
$1DAA,2
$1DAC,3
$1DAF,1
$1DB0,3
$1DB3,1
$1DB6,3
$1DB9,3
$1DBC,3
$1DBF,1
$1DC0,2
$1DC2,2
$1DC4,1
$1DC7,3
$1DCA,4
$1DCE,4
$1DD2,3
$1DD5,3
$1DD8,3
$1DDB,3
$1DDE,3
$1DE1,3
$1DE4,4
$1DE8,4
$1DEC,3
$1DEF,3
$1DF2,3
$1DF5,3
$1DF8,1
$1DF9,3
$1DFC,2
$1DFE,1
$1DFF,3
$1E02,1
$1E03,1
$1E04,3
$1E07,3
$1E0A,3
$1E0D,3
$1E10,1
$1E11,3
$1E14,3
$1E17,1
$1E18,3
$1E1B,3
$1E1E,2
$1E20,3
$1E23,1
$1E24,3
$1E27,1
$1E28,3
$1E2B,3
$1E2E,1
$1E2F,3
$1E32,3
$1E35,1
$1E36,3
$1E39,3
$1E3C,2
$1E3E,3
$1E41,1
$1E42,3
$1E45,1
$1E46,3
$1E49,3
$1E4C,1
$1E4D,3
$1E50,3
$1E53,2
$1E55,3
$1E58,1
$1E59,3
$1E5C,1
$1E5D,3
$1E60,1
$1E61,1
$1E62,3
$1E65,3
$1E68,2
$1E6A,2
$1E6C,3
$1E6F,3
$1E72,3
$1E75,2
$1E77,2
$1E79,3
$1E7C,2
$1E7E,3
$1E81,2
$1E83,3
$1E86,1
$1E87,3
$1E8A,1
$1E8D,3
$1E90,3
$1E93,3
$1E96,1
$1E97,2
$1E99,2
$1E9B,1
$1E9E,3
$1EA1,4
$1EA5,4
$1EA9,3
$1EAC,3
$1EAF,3
$1EB2,3
$1EB5,3
$1EB8,3
$1EBB,4
$1EBF,4
$1EC3,3
$1EC6,3
$1EC9,3
$1ECC,3
$1ECF,1
$1ED0,1
$1ED1,1
$1ED2,2
$1ED4,3
$1ED7,1
$1ED8,1
$1ED9,2
$1EDB,3
$1EDE,2
$1EE0,3
$1EE3,2
$1EE5,3
$1EE8,2
$1EEA,3
$1EED,2
$1EEF,1
$1EF0,3
$1EF3,1
$1EF4,2
$1EF6,1
$1EF7,3
$1EFA,1
$1EFB,1
$1EFC,1
$1EFD,1
$1EFE,3
$1F01,1
$1F02,1
$1F03,1
$1F04,3
$1F07,3
$1F0A,3
$1F0D,2
$1F0F,3
$1F12,1
$1F13,1
$1F14,3
$1F17,3
$1F1A,2
$1F1C,1
$1F1D,3
$1F20,1
$1F21,3
$1F24,1
$1F25,3
$1F28,1
$1F29,1
$1F2A,1
$1F2B,3
$1F2E,3
$1F31,3
$1F34,2
$1F36,3
$1F39,1
$1F3A,1
$1F3B,3
$1F3E,3
$1F41,2
$1F43,1
$1F44,3
$1F47,1
$1F48,3
$1F4B,1
$1F4C,3
$1F4F,1
$1F50,1
$1F51,1
$1F52,3
$1F55,3
$1F58,3
$1F5B,2
$1F5D,3
$1F60,1
$1F61,1
$1F62,3
$1F65,3
$1F68,2
$1F6A,1
$1F6B,3
$1F6E,1
$1F6F,3
$1F72,1
$1F73,3
$1F76,1
$1F77,1
$1F78,1
$1F79,3
$1F7C,3
$1F7F,3
$1F82,2
$1F84,3
$1F87,1
$1F88,1
$1F89,3
$1F8C,3
$1F8F,2
$1F91,1
$1F92,3
$1F95,1
$1F96,3
$1F99,1
$2000,3
$2003,3
$2006,1
$2007,3
$200A,3
$200D,1
$200E,1
$200F,3
$2012,3
$2015,1
$2016,1
$2017,1
$2018,1
$2019,2
$201B,2
$201D,2
$201F,2
$2021,1
$2022,1
$2023,2
$2025,2
$2027,2
$2029,2
$202B,1
$202C,1
$202D,1
$202E,1
$202F,1
$2030,2
$2032,1
$2033,1
$2034,2
$2036,1
$2037,2
$2039,2
$203B,2
$203D,2
$203F,2
$2041,2
$2043,2
$2045,2
$2047,1
$2048,2
$204A,1
$204B,3
$204E,1
$204F,1
$2050,1
$2051,1
$2052,3
$2055,3
$2058,1
$2059,1
$205A,3
$205D,1
$205E,2
$2060,2
$2062,2
$2064,1
$2065,1
$2066,1
$2067,1
$2068,1
$2069,3
$206C,1
$206D,1
$206E,3
$2071,1
$2072,3
$2075,3
$2078,2
$207A,1
$207B,3
$207E,3
$2081,3
$2084,1
$2085,1
$2086,2
$2088,3
$208B,1
$208C,3
$208F,1
$2090,1
$2091,3
$2094,1
$2095,3
$2098,3
$209B,2
$209D,1
$209E,3
$20A1,3
$20A4,3
$20A7,1
$20A8,1
$20A9,2
$20AB,3
$20AE,1
$20AF,3
$20B2,1
$20B3,1
$20B4,3
$20B7,1
$20B8,3
$20BB,3
$20BE,2
$20C0,1
$20C1,1
$20C2,3
$20C5,3
$20C8,1
$20C9,3
$20CC,3
$20CF,1
$20D0,1
$20D1,2
$20D3,3
$20D6,1
$20D7,3
$20DA,1
$20DB,1
$20DC,3
$20DF,3
$20E2,1
$20E3,3
$20E6,2
$20E8,1
$20E9,1
$20EA,3
$20ED,1
$20EE,1
$20EF,2
$20F1,3
$20F4,3
$20F7,1
$20F8,1
$20F9,2
$20FB,1
$20FC,1
$20FD,3
$2100,1
$2101,1
$2102,2
$2104,3
$2107,1
$2108,3
$210B,1
$211A,3
$211D,2
$211F,2
$2121,1
$2122,3
$2125,3
$2128,3
$212B,3
$212E,1
$212F,1
$2130,3
$2133,3
$2136,3
$2139,3
$213C,3
$213F,1
$2140,3
$2143,2
$2145,3
$2148,3
$214B,3
$214E,2
$2150,3
$2153,3
$2156,1
$2157,3
$215A,3
$215D,3
$2160,3
$2163,3
$2166,3
$2169,1
$216D,3
$2170,3
$2173,2
$2175,3
$2178,3
$217B,3
$217E,2
$2180,3
$2183,3
$2186,3
$2189,3
$218C,3
$218F,2
$2191,1
$2192,3
$2195,1
$2199,3
$219C,1
$219D,1
$219E,3
$21A1,4
$21A5,1
$21C2,2
$21C4,3
$21C7,3
$21CA,3
$21CD,3
$21D0,3
$21D3,4
$21D7,4
$21DB,1
$21DF,2
$21E1,3
$21E4,2
$21E6,3
$21E9,1
$21EA,3
$21ED,3
$21F0,3
$21F3,1
$21F4,1
$21F5,3
$21F8,2
$21FA,2
$21FC,2
$21FE,3
$2201,3
$2204,3
$2207,3
$220A,2
$220C,3
$220F,2
$2211,3
$2214,4
$2218,4
$221C,2
$221E,3
$2221,2
$2223,2
$2225,4
$2229,4
$222D,4
$2231,4
$2235,2
$2237,3
$223A,3
$223D,3
$2240,3
$2243,1
$2244,3
$2247,2
$2249,2
$224B,4
$224F,4
$2253,4
$2257,4
$225B,2
$225D,3
$2260,2
$2262,2
$2264,1
$2268,2
$226A,3
$226D,1
$226E,1
$226F,4
$2273,4
$2277,4
$227B,4
$227F,1
$2283,3
$2286,1
$228A,3
$228D,1
$228E,3
$2291,3
$2294,1
$2295,1
$2296,1
$2297,3
$229A,1
$22A7,3
$22AA,2
$22AC,3
$22AF,1
$22B0,3
$22B3,3
$22B6,3
$22B9,3
$22BC,1
$22BD,1
$22BE,3
$22C1,2
$22C3,2
$22C5,2
$22C7,3
$22CA,1
$22CB,1
$22CC,3
$22CF,2
$22D1,3
$22D4,3
$22D7,1
$22DB,2
$22DD,3
$22E0,2
$22E2,2
$22E4,3
$22E7,3
$22EA,3
$22ED,2
$22EF,3
$22F2,3
$22F5,3
$22F8,2
$22FA,2
$22FC,2
$22FE,1
$22FF,3
$2302,1
$2306,3
$2309,1
$230A,1
$230B,3
$230E,2
$2310,1
$2311,1
$2312,1
$2313,2
$2315,3
$2318,2
$231A,3
$231D,3
$2320,2
$2322,1
$2323,1
$2324,2
$2326,1
$2327,2
$2329,2
$232B,3
$232E,1
$232F,3
$2332,2
$2334,1
$2335,1
$2336,2
$2338,1
$2339,2
$233B,2
$233D,2
$233F,2
$2341,1
$2342,3
$2345,1
$2346,3
$2349,1
$234A,1
$234B,3
$234E,3
$2351,1
$2352,3
$2355,3
$2358,1
$2359,3
$235C,2
$235E,1
$235F,1
$2360,1
$2361,1
$2362,3
$2365,2
$2367,1
$2368,3
$236B,3
$236E,3
$2371,2
$2373,3
$2376,3
$2379,3
$237C,3
$237F,3
$2382,2
$2384,2
$2386,1
$2387,2
$2389,3
$238C,1
$238D,3
$2390,1
$2391,1
$2392,3
$2395,2
$2397,1
$2398,1
$2399,2
$239B,1
$239C,2
$239E,2
$23A0,3
$23A3,3
$23A6,1
$23A7,1
$23E8,3
$23EB,1
$23EC,1
$23ED,1
$23EE,1
$23F3,2
$23F5,3
$23F8,3
$23FB,1
$23FC,1
$23FD,2
$23FF,1
$2400,2
$2402,3
$2405,3
$2408,1
$2409,1
$240A,2
$240C,1
$240D,1
$240E,3
$2411,3
$2414,1
$2415,1
$2416,2
$2418,1
$2419,3
$241C,3
$241F,1
$2420,1
$2421,1
$2422,3
$2425,1
$2426,2
$2428,1
$2429,1
$242A,1
$242B,1
$242C,1
$242D,1
$242E,1
$242F,1
$2430,3
$2433,1
$2434,2
$2436,1
$2437,2
$2439,1
$243A,1
$243B,1
$243C,1
$243D,2
$243F,1
$2440,2
$2442,1
$2443,1
$2444,1
$2445,3
$2448,3
$244B,4
$244F,4
$2453,2
$2455,2
$2457,2
$2459,3
$245C,3
$245F,1
$2460,1
$2461,2
$2463,2
$2465,2
$2467,1
$2468,2
$246A,2
$246C,1
$246D,2
$246F,3
$2472,3
$2475,2
$2477,3
$247A,2
$247C,3
$247F,2
$2481,3
$2484,2
$2486,1
$2487,3
$248A,4
$248E,4
$2492,2
$2494,2
$2496,2
$2498,3
$249B,1
$249C,1
$249D,2
$249F,1
$24A0,2
$24A2,1
$24A3,4
$24A7,2
$24A9,1
$24AA,2
$24AC,2
$24AE,1
$24AF,2
$24B1,3
$24B4,3
$24B7,2
$24B9,3
$24BC,2
$24BE,3
$24C1,2
$24C3,3
$24C6,2
$24C8,1
$24C9,3
$24CC,2
$24CE,2
$24D0,1
$24D1,2
$24D3,2
$24D5,1
$24D6,1
$24D7,1
$24D8,1
$24D9,2
$24DB,2
$24DD,2
$24DF,2
$24E1,3
$24E4,3
$24E7,1
$24E8,1
$24E9,2
$24EB,2
$24ED,2
$24EF,3
$24F2,1
$24F3,1
$24F4,2
$24F6,1
$24F7,2
$24F9,3
$24FC,2
$24FE,4
$2502,3
$2505,3
$2508,2
$250A,2
$250C,2
$250E,2
$2510,4
$2514,3
$2517,3
$251A,3
$251D,2
$251F,2
$2521,2
$2523,4
$2527,3
$252A,3
$252D,3
$2530,2
$2532,2
$2534,2
$2536,3
$2539,3
$253C,1
$253D,4
$2541,4
$2545,4
$2549,4
$254D,4
$2551,4
$2555,4
$2559,4
$255D,4
$2561,4
$2565,4
$2569,4
$256D,4
$2571,1
$2572,1
$2573,3
$2576,3
$2579,3
$257C,3
$257F,3
$2582,3
$2585,3
$2588,3
$258B,3
$258E,3
$2591,3
$2594,3
$2597,3
$259A,3
$259D,3
$25A0,3
$25A3,3
$25A6,3
$25A9,3
$25AC,3
$25AF,3
$25B2,3
$25B5,3
$25B8,3
$25BB,3
$25BE,3
$25C1,3
$25C4,3
$25C7,3
$25CA,3
$25CD,3
$25D0,3
$25D3,3
$25D6,3
$25D9,3
$25DC,3
$25DF,3
$25E2,3
$25E5,3
$25E8,3
$25EB,3
$25EE,3
$25F1,3
$25F4,3
$25F7,3
$25FA,3
$25FD,3
$2600,2
$2602,3
$2605,3
$2608,3
$260B,3
$260E,1
$260F,3
$2612,3
$2615,3
$2618,3
$261B,3
$261E,3
$2621,3
$2624,3
$2627,3
$262A,3
$262D,3
$2630,3
$2633,3
$2636,3
$2639,3
$263C,3
$263F,3
$2642,3
$2645,3
$2648,3
$264B,3
$264E,3
$2651,3
$2654,3
$2657,3
$265A,3
$265D,2
$265F,2
$2661,1
$2662,3
$2665,3
$2668,3
$266B,3
$266E,3
$2671,3
$2674,1
$2675,3
$2678,3
$267B,3
$267E,3
$2681,3
$2684,3
$2687,3
$268A,1
$268B,2
$268D,3
$2690,1
$2691,1
$2692,2
$2694,3
$2697,1
$2698,2
$269A,3
$269D,1
$269E,3
$26A1,1
$26A2,1
$26A3,3
$26A6,3
$26A9,1
$26AA,1
$26AB,1
$26AC,2
$26AE,3
$26B1,1
$26B2,4
$26B6,3
$26B9,2
$26BB,2
$26BD,3
$26C0,3
$26C3,1
$26C4,1
$26C5,1
$26C6,1
$26C7,2
$26C9,1
$26CA,2
$26CC,3
$26CF,1
$26D0,3
$26D3,1
$26D4,2
$26D6,3
$26D9,3
$26DC,2
$26DE,1
$26DF,1
$26E0,2
$26E2,3
$26E5,2
$26E7,1
$26E8,3
$26EB,1
$26EC,1
$26ED,1
$26EE,2
$26F0,1
$26F1,2
$26F3,2
$26F5,1
$26F6,3
$26F9,1
$26FA,1
$26FB,1
$26FC,1
$26FD,1
$26FE,2
$2700,3
$2703,1
$2704,3
$2707,1
$2708,1
$2709,1
$270A,2
$270C,3
$270F,1
$2710,1
$2711,1
$2712,1
$2713,2
$2715,1
$2716,3
$2719,1
$271A,3
$271D,3
$2720,1
$2721,1
$2722,2
$2724,3
$2727,1
$2730,3
$2733,2
$2735,3
$2738,3
$273B,1
$273C,2
$273E,3
$2741,2
$2743,2
$2745,3
$2748,3
$274B,3
$274E,3
$2751,3
$2754,3
$2757,1
$2758,3
$275B,4
$275F,3
$2762,3
$2765,3
$2768,3
$276B,1
$276C,3
$276F,2
$2771,3
$2774,3
$2777,2
$2779,2
$277B,3
$277E,3
$2781,3
$2784,3
$2787,3
$278A,3
$278D,1
$278E,4
$2792,3
$2795,1
$2796,1
$2797,1
$2798,1
$2799,3
$279C,3
$279F,3
$27A2,3
$27A5,3
$27A8,1
$27A9,3
$27AC,2
$27AE,3
$27B1,3
$27B4,2
$27B6,2
$27B8,3
$27BB,3
$27BE,3
$27C1,3
$27C4,3
$27C7,3
$27CA,1
$27CB,4
$27CF,4
$27D3,3
$27D6,1
$27D7,1
$27D8,1
$27D9,1
$27DA,1
$27DB,1
$27DC,1
$27DD,1
$27DE,1
$27DF,1
$27E0,1
$27E1,3
$27E4,3
$27E7,3
$27EA,3
$27ED,3
$27F0,1
$27F1,3
$27F4,2
$27F6,3
$27F9,3
$27FC,2
$27FE,2
$2800,3
$2803,3
$2806,3
$2809,3
$280C,3
$280F,3
$2812,1
$2813,4
$2817,4
$281B,3
$281E,3
$2821,1
$2822,2
$2824,3
$2827,3
$282A,4
$282E,3
$2831,3
$2834,3
$2837,3
$283A,1
$283B,3
$283E,1
$283F,3
$2842,3
$2845,3
$2848,3
$284B,3
$284E,3
$2851,3
$2854,1
$2855,3
$2858,3
$285B,3
$285E,3
$2861,3
$2864,1
$2865,3
$2868,1
$2869,3
$286C,3
$286F,3
$2872,3
$2875,3
$2878,3
$287B,3
$287E,1
$287F,3
$2882,3
$2885,3
$2888,3
$288B,3
$288E,1
$288F,3
$2892,1
$2893,3
$2896,3
$2899,3
$289C,3
$289F,3
$28A2,3
$28A5,3
$28A8,1
$28A9,3
$28AC,3
$28AF,3
$28B2,3
$28B5,3
$28B8,1
$28B9,3
$28BC,1
$28BD,3
$28C0,3
$28C3,3
$28C6,3
$28C9,3
$28CC,3
$28CF,3
$28D2,1
$28D3,3
$28D6,3
$28D9,3
$28DC,3
$28DF,3
$28E2,1
$28E3,3
$28E6,1
$28E7,3
$28EA,3
$28ED,4
$28F1,3
$28F4,3
$28F7,3
$28FA,3
$28FD,1
$28FE,3
$2901,4
$2905,1
$2906,1
$2907,1
$2908,1
$2909,1
$290A,1
$290B,1
$290C,1
$290D,1
$290E,3
$2911,3
$2914,3
$2917,3
$291A,3
$291D,1
$291E,3
$2921,2
$2923,3
$2926,3
$2929,2
$292B,3
$292E,1
$292F,1
$2930,1
$2931,2
$2933,4
$2937,2
$2939,4
$293D,3
$2940,1
$2941,3
$2944,3
$2947,2
$2949,2
$294B,2
$294D,3
$2950,3
$2953,3
$2956,1
$2957,2
$2959,2
$295B,3
$295E,1
$295F,1
$2960,2
$2962,1
$2963,3
$2966,3
$2969,4
$296D,3
$2970,2
$2972,3
$2975,3
$2978,3
$297B,4
$297F,4
$2983,3
$2986,2
$2988,3
$298B,1
$298C,3
$298F,3
$2992,3
$2995,3
$2998,1
$2999,2
$299B,2
$299D,2
$299F,2
$29A1,2
$29A3,4
$29A7,4
$29AB,3
$29AE,2
$29B0,2
$29B2,1
$29B3,3
$29B6,1
$29B7,2
$29B9,3
$29BC,4
$29C0,3
$29C3,3
$29C6,2
$29C8,2
$29CA,3
$29CD,1
$29CE,2
$29D0,1
$29D1,3
$29D4,3
$29D7,1
$29D8,1
$29D9,2
$29DB,4
$29DF,2
$29E1,3
$29E4,3
$29E7,2
$29E9,1
$29EA,3
$29ED,3
$29F0,1
$29F1,3
$29F4,1
$29F5,3
$29F8,1
$29F9,3
$29FC,1
$29FD,3
$2A00,3
$2A03,1
$2A04,3
$2A07,1
$2A08,3
$2A0B,1
$2A0C,3
$2A0F,1
$2A10,1
$2A11,1
$2A12,1
$2A13,1
$2A14,2
$2A16,1
$2A17,2
$2A19,1
$2A1A,3
$2A1D,1
$2A1E,1
$2A1F,3
$2A22,1
$2A23,3
$2A26,1
$2A27,1
$2A28,1
$2A29,1
$2A2A,1
$2A2B,1
$2A2C,1
$2A2D,2
$2A2F,1
$2A30,1
$2A31,3
$2A34,1
$2A35,3
$2A38,3
$2A3B,1
$2A3C,2
$2A3E,1
$2A3F,1
$2A40,2
$2A42,3
$2A45,2
$2A47,3
$2A4A,2
$2A4C,3
$2A4F,1
$2A50,3
$2A53,2
$2A55,1
$2A56,1
$2A57,3
$2A5A,3
$2A5D,2
$2A5F,1
$2A60,3
$2A63,1
$2A64,1
$2A65,3
$2A68,1
$2A69,1
$2A6A,1
$2A6B,1
$2A6C,1
$2A6D,1
$2A6E,1
$2A6F,1
$2A70,1
$2A71,1
$2A72,1
$2A73,2
$2A75,1
$2A76,1
$2A77,1
$2A78,1
$2A79,1
$2A7A,1
$2A7B,1
$2A7C,1
$2A7D,1
$2A7E,3
$2A81,1
$2A82,1
$2A83,3
$2A86,3
$2A89,1
$2A8A,1
$2A8B,1
$2A8C,3
$2A8F,2
$2A91,1
$2A92,1
$2A93,1
$2A94,2
$2A96,1
$2A97,1
$2A98,2
$2A9A,1
$2A9B,3
$2A9E,3
$2AA1,3
$2AA4,2
$2AA6,1
$2AA7,3
$2AAA,3
$2AAD,2
$2AAF,3
$2AB2,3
$2AB5,3
$2AB8,1
$2AB9,2
$2ABB,3
$2ABE,1
$2ABF,1
$2AC0,1
$2AC1,1
$2AC2,1
$2AC3,3
$2AC6,1
$2AC7,3
$2ACA,1
$2ACB,2
$2ACD,1
$2ACE,2
$2AD0,2
$2AD2,2
$2AD4,2
$2AD6,1
$2AD7,1
$2AD8,2
$2ADA,2
$2ADC,1
$2ADD,1
$2ADE,1
$2ADF,1
$2AE0,2
$2AE2,3
$2AE5,1
$2AE6,3
$2AE9,2
$2AEB,1
$2AEC,3
$2AEF,3
$2AF2,3
$2AF5,3
$2AF8,3
$2AFB,3
$2AFE,3
$2B01,3
$2B04,1
$2B05,2
$2B07,2
$2B09,2
$2B0B,3
$2B0E,3
$2B11,1
$2B12,1
$2B13,3
$2B16,1
$2B33,1
$2B34,1
$2B35,1
$2B36,1
$2B37,2
$2B39,1
$2B3A,2
$2B3C,3
$2B3F,2
$2B41,3
$2B44,1
$2B45,3
$2B48,1
$2B49,1
$2B4A,3
$2B4D,2
$2B4F,1
$2B50,1
$2B51,2
$2B53,2
$2B55,2
$2B57,2
$2B59,3
$2B5C,1
$2B5D,1
$2B5E,1
$2B5F,2
$2B61,1
$2B62,1
$2B63,3
$2B66,1
$2B67,1
$2B68,2
$2B6A,3
$2B6D,2
$2B6F,1
$2B70,3
$2B78,3
$2B7B,1
$2B7C,2
$2B7E,2
$2B80,1
$2B81,1
$2B82,1
$2B83,1
$2B84,1
$2B85,3
$2B88,1
$2B89,1
$2B8A,1
$2B8B,1
$2B8C,1
$2B8D,1
$2B8E,1
$2B8F,1
$2B90,1
$2B91,3
$2B94,1
$2B95,1
$2B96,1
$2B97,1
$2B98,1
$2B99,1
$2B9A,1
$2B9B,1
$2B9C,1
$2B9D,1
$2B9E,1
$2B9F,1
$2BA0,1
$2BA1,3
$2BA4,2
$2BA6,2
$2BA8,2
$2BAA,3
$2BAD,2
$2BAF,3
$2BB2,3
$2BB5,2
$2BB7,2
$2BB9,1
$2BBA,1
$2BBB,1
$2BBC,1
$2BBD,2
$2BBF,3
$2BC2,3
$2BC5,2
$2BC7,2
$2BC9,3
$2BCC,1
$2BCD,1
$2BCE,1
$2BCF,1
$2BD0,1
$2BD1,1
$2BD2,1
$2BD3,1
$2BD4,1
$2BD5,1
$2BD6,1
$2BD7,1
$2BD8,1
$2BD9,1
$2BDA,3
$2BDD,1
$2BDE,1
$2BDF,1
$2BE0,1
$2BE1,2
$2BE3,1
$2BE4,1
$2BE5,1
$2BE6,1
$2BE7,2
$2BE9,1
$2BEA,3
$2BED,2
$2BEF,1
$2BF0,3
$2BF3,1
$2BF4,2
$2BF6,3
$2BF9,3
$2BFC,1
$2BFD,2
$2BFF,3
$2C02,1
$2C03,3
$2C06,2
$2C08,1
$2C09,1
$2C0A,1
$2C0B,1
$2C0C,3
$2C0F,2
$2C11,1
$2C12,1
$2C13,1
$2C14,1
$2C15,1
$2C16,1
$2C17,2
$2C19,1
$2C1A,1
$2C1B,3
$2C1E,2
$2C20,1
$2C21,1
$2C22,1
$2C23,3
$2C26,2
$2C28,1
$2C29,1
$2C2A,1
$2C2B,1
$2C2C,2
$2C2E,2
$2C30,2
$2C32,2
$2C34,2
$2C36,1
$2C37,2
$2C39,3
$2C3C,1
$2C3D,1
$2C3E,1
$2C3F,2
$2C41,3
$2C5E,3
$2C61,1
$2C62,1
$2C63,1
$2C64,1
$2C65,4
$2C69,2
$2C6B,2
$2C6D,3
$2C70,2
$2C72,3
$2C75,2
$2C77,2
$2C79,3
$2C7C,1
$2C7D,1
$2C7E,3
$2C81,1
$2C82,2
$2C84,1
$2C85,2
$2C87,2
$2C89,3
$2C8C,1
$2C8D,2
$2C8F,1
$2C90,2
$2C92,1
$2C93,2
$2C95,1
$2C96,1
$2C97,3
$2C9A,1
$2C9B,3
$2C9E,1
$2C9F,2
$2CA1,2
$2CA3,1
$2CA4,3
$2CA7,2
$2CA9,2
$2CAB,1
$2CAC,1
$2CAD,2
$2CAF,2
$2CB1,4
$2CB5,1
$2CB6,2
$2CB8,1
$2CB9,2
$2CBB,1
$2CBC,1
$2CBD,2
$2CBF,2
$2CC1,3
$2CC4,4
$2CC8,4
$2CCC,3
$2CCF,1
$2CD0,3
$2CD3,1
$2CD4,2
$2CD6,1
$2CD7,3
$2CDA,3
$2CDD,4
$2CE1,4
$2CE5,3
$2CE8,1
$2CE9,3
$2CEC,1
$2CED,2
$2CEF,1
$2CF0,3
$2CF3,3
$2CF6,4
$2CFA,4
$2CFE,3
$2D01,1
$2D02,3
$2D05,1
$2D06,1
$2D07,1
$2D08,3
$2D0B,1
$2D0C,3
$2D0F,4
$2D13,4
$2D17,3
$2D1A,3
$2D1D,3
$2D20,4
$2D24,4
$2D28,3
$2D2B,3
$2D2E,3
$2D31,4
$2D35,4
$2D39,3
$2D3C,3
$2D3F,1
$2D40,3
$2D43,1
$2D44,3
$2D47,1
$2D48,3
$2D4B,1
$2D4C,2
$2D4E,2
$2D50,1
$2D51,1
$2D52,2
$2D54,2
$2D56,2
$2D58,1
$2D59,3
$2D5C,1
$2D5D,2
$2D5F,3
$2D62,1
$2D63,1
$2D64,2
$2D66,3
$2D69,3
$2D6C,3
$2D6F,3
$2D72,1
$2D73,1
$2D74,3
$2D77,3
$2D7A,2
$2D7C,2
$2D7E,3
$2D81,1
$2D82,2
$2D84,1
$2DA5,1
$2DA6,2
$2DA8,2
$2DAA,3
$2DAD,3
$2DB0,3
$2DB3,2
$2DB5,2
$2DB7,2
$2DB9,3
$2DBC,1
$2DBD,1
$2DBE,1
$2DBF,1
$2DC0,2
$2DC2,3
$2DC5,1
$2DC6,3
$2DC9,1
$2DCA,2
$2DCC,2
$2DCE,2
$2DD0,3
$2DD3,1
$2DD4,3
$2DD7,3
$2DDA,2
$2DDC,3
$2DDF,2
$2DE1,2
$2DE3,2
$2DE5,3
$2DE8,3
$2DEB,3
$2DEE,3
$2DF1,1
$2DF2,2
$2DF4,3
$2DF7,1
$2DF8,1
$2DF9,4
$2DFD,4
$2E01,4
$2E05,4
$2E09,4
$2E0D,4
$2E11,4
$2E15,4
$2E19,1
$2E1A,1
$2E1B,1
$2E1C,2
$2E1E,2
$2E20,1
$2E21,1
$2E22,2
$2E24,2
$2E26,2
$2E28,1
$2E29,3
$2E2C,1
$2E2D,2
$2E2F,3
$2E32,1
$2E33,1
$2E34,1
$2E35,1
$2E36,1
$2E37,1
$2E38,2
$2E3A,1
$2E3B,1
$2E3C,2
$2E3E,1
$2E3F,1
$2E40,1
$2E41,1
$2E42,3
$2E45,2
$2E47,1
$2E48,3
$2E4B,2
$2E4D,3
$2E50,3
$2E53,3
$2E56,3
$2E59,1
$2E5A,1
$2E5B,1
$2E5C,1
$2E5D,1
$2E5E,2
$2E60,3
$2E63,2
$2E65,2
$2E67,3
$2E6A,4
$2E6E,3
$2E71,2
$2E73,3
$2E76,1
$2E77,2
$2E79,3
$2E7C,2
$2E7E,1
$2E7F,1
$2E80,3
$2E83,3
$2E86,3
$2E89,3
$2E8C,2
$2E8E,3
$2E91,4
$2E95,2
$2E97,3
$2E9A,2
$2E9C,3
$2E9F,4
$2EA3,4
$2EA7,2
$2EA9,4
$2EAD,3
$2EB0,3
$2EB3,3
$2EB6,3
$2EB9,3
$2EBC,3
$2EBF,3
$2EC2,1
$2EC3,3
$2EC6,2
$2EC8,2
$2ECA,3
$2ECD,3
$2ED0,3
$2ED3,3
$2ED6,1
$2ED7,2
$2ED9,3
$2EDC,2
$2EDE,2
$2EE0,1
$2EE1,1
$2EE2,1
$2EE3,1
$2EE4,1
$2EE5,1
$2EE6,2
$2EE8,3
$2EEB,1
$2EEC,1
$2EED,1
$2EEE,1
$2EEF,1
$2EF0,3
$2EF3,3
$2EF6,1
$2EF7,1
$2EF8,1
$2EF9,1
$2EFA,1
$2EFB,3
$2EFE,3
$2F01,1
$2F22,3
$2F25,1
$2F26,3
$2F29,2
$2F2B,3
$2F2E,2
$2F30,3
$2F33,1
$2F34,2
$2F36,1
$2F37,1
$2F38,3
$2F3B,1
$2F3C,3
$2F3F,2
$2F41,2
$2F43,3
$2F46,2
$2F48,2
$2F4A,1
$2F4B,1
$2F4C,1
$2F4D,1
$2F4E,1
$2F4F,1
$2F50,1
$2F51,1
$2F52,1
$2F53,1
$2F54,1
$2F55,3
$2F58,3
$2F5B,1
$2F5C,3
$2F5F,1
$2F60,1
$2F61,3
$2F64,1
$2F65,3
$2F68,3
$2F6B,1
$2F6C,1
$2F6D,3
$2F70,3
$2F73,3
$2F76,1
$2F77,3
$2F7A,3
$2F7D,1
$2F7E,1
$2F7F,3
$2F82,3
$2F85,3
$2F88,1
$2F89,3
$2F8C,3
$2F8F,1
$2F90,1
$2F91,3
$2F94,3
$2F97,3
$2F9A,1
$2F9B,3
$2F9E,3
$2FA1,1
$2FA2,1
$2FA3,3
$2FA6,3
$2FA9,3
$2FAC,1
$2FAD,3
$2FB0,1
$2FB1,3
$2FB4,3
$2FB7,3
$3000,3
$3003,3
$3006,3
$3009,1
$300A,1
$300B,1
$300C,1
$300D,2
$300F,1
$3010,2
$3012,3
$3015,1
$3016,2
$3018,1
$3019,1
$301A,2
$301C,3
$301F,1
$3020,2
$3022,3
$3025,2
$3027,1
$3028,1
$3029,2
$302B,3
$302E,3
$3031,1
$3032,1
$3033,2
$3035,3
$3038,1
$3039,1
$303A,1
$303B,1
$303C,1
$303D,2
$303F,3
$3042,3
$3045,2
$3047,1
$3048,1
$3049,1
$304A,3
$304D,1
$304E,1
$304F,1
$3050,2
$3052,1
$3053,1
$3054,1
$3055,2
$3057,3
$305A,1
$305B,1
$305C,1
$305D,1
$305E,2
$3060,1
$3061,1
$3062,1
$3063,3
$3066,1
$3067,1
$3068,3
$306B,1
$306C,1
$306D,1
$306E,1
$306F,1
$3070,1
$3071,1
$3072,3
$3075,1
$3076,1
$3077,1
$3078,1
$3079,1
$307A,1
$307B,3
$307E,2
$3080,1
$3081,1
$3082,1
$3083,2
$3085,3
$3088,1
$3089,1
$308A,1
$308B,1
$308C,2
$308E,1
$308F,1
$3090,1
$3091,3
$3094,1
$3095,1
$3096,3
$3099,1
$309A,1
$309B,1
$309C,1
$309D,1
$309E,2
$30A0,1
$30A1,2
$30A3,1
$30A4,1
$30A5,2
$30A7,3
$30AA,1
$30AB,2
$30AD,3
$30B0,2
$30B2,3
$30B5,1
$30B6,2
$30B8,2
$30BA,1
$30BB,2
$30BD,3
$30C0,1
$30C1,3
$30C4,2
$30C6,3
$30C9,2
$30CB,1
$30CC,2
$30CE,1
$30CF,2
$30D1,3
$30D4,2
$30D6,3
$30D9,2
$30DB,1
$30DC,1
$30DD,2
$30DF,1
$30E0,2
$30E2,2
$30E4,3
$30E7,2
$30E9,1
$30EA,1
$30EB,2
$30ED,1
$30EE,2
$30F0,1
$30F1,2
$30F3,2
$30F5,3
$30F8,3
$30FB,1
$30FC,2
$30FE,3
$3101,1
$3102,1
$3103,2
$3105,3
$3108,1
$3109,1
$310A,2
$310C,3
$310F,2
$3111,2
$3113,3
$3116,2
$3118,2
$311A,3
$311D,2
$311F,3
$3122,1
$3123,3
$3126,1
$3127,3
$312A,3
$312D,1
$312E,3
$3131,1
$3132,2
$3134,2
$3136,1
$3137,1
$3138,2
$313A,1
$313B,1
$313C,2
$313E,1
$313F,1
$3140,1
$3141,1
$3142,1
$3143,4
$3147,3
$314A,3
$314D,2
$314F,2
$3151,3
$3174,3
$3177,2
$3179,1
$317A,1
$317B,2
$317D,1
$317E,3
$3181,2
$3183,2
$3185,3
$3188,3
$318B,1
$318C,3
$318F,1
$3190,3
$3193,3
$3196,1
$3197,3
$319A,1
$319B,1
$319C,2
$319E,2
$31A0,2
$31A2,3
$31A5,3
$31A8,1
$31A9,1
$31AA,2
$31AC,2
$31AE,2
$31B0,3
$31B3,1
$31B4,1
$31B5,2
$31B7,2
$31B9,2
$31BB,3
$31BE,1
$31BF,1
$31C0,2
$31C2,2
$31C4,2
$31C6,3
$31C9,1
$31CA,1
$31CB,2
$31CD,2
$31CF,2
$31D1,3
$31D4,1
$31D5,1
$31D6,2
$31D8,2
$31DA,2
$31DC,3
$31DF,3
$31E2,2
$31E4,2
$31E6,1
$31E7,3
$31EA,3
$31ED,1
$31EE,1
$31EF,1
$31F0,1
$31F1,2
$31F3,2
$31F5,2
$31F7,2
$31F9,3
$31FC,3
$31FF,1
$3200,1
$3201,1
$3202,2
$3204,3
$3207,2
$3209,3
$320C,1
$320D,2
$320F,3
$3212,1
$3213,1
$3214,3
$3217,1
$3218,1
$3219,3
$321C,3
$321F,1
$3220,1
$3221,2
$3223,2
$3225,2
$3227,2
$3229,1
$322A,3
$322D,2
$322F,3
$3232,3
$3235,1
$3236,2
$3238,2
$323A,1
$323B,3
$323E,3
$3241,2
$3243,3
$3246,1
$3247,3
$324A,1
$324B,3
$324E,1
$324F,1
$3250,1
$3251,2
$3253,3
$3256,2
$3258,1
$3259,1
$325A,1
$325B,3
$325E,1
$325F,2
$3261,1
$3262,1
$3263,1
$3264,1
$3265,2
$3267,1
$3268,1
$3269,1
$326A,1
$326B,1
$326C,2
$326E,1
$326F,1
$3270,2
$3272,1
$3273,1
$3274,1
$3275,3
$3278,1
$3279,1
$327A,2
$327C,3
$327F,2
$3281,3
$3284,2
$3286,3
$3289,3
$328C,2
$328E,2
$3290,3
$3293,2
$3295,3
$3298,2
$329A,3
$329D,2
$329F,3
$32A2,2
$32A4,3
$32A7,2
$32A9,2
$32AB,3
$32AE,3
$32B1,3
$32B4,1
$32B5,2
$32B7,3
$32BA,3
$32BD,3
$32C0,2
$32C2,2
$32C4,2
$32C6,2
$32C8,1
$32C9,2
$32CB,3
$32CE,3
$32D1,2
$32D3,2
$32D5,1
$32D6,1
$32D7,2
$32D9,1
$32DA,2
$32DC,3
$32DF,3
$32E2,3
$32E5,2
$32E7,3
$32EA,3
$32ED,3
$32F0,3
$32F3,1
$32F4,1
$32F5,1
$32F6,2
$32F8,1
$3AF4,3
$3AF7,3
$3AFA,2
$3AFC,1
$3AFD,1
$3AFE,1
$3AFF,1
$3B00,1
$3B01,1
$3B02,3
$3B05,1
$3B06,2
