semantic_id,source,logical_start,logical_end_exclusive,expected_hex,semantic_label,semantic_detail,proof
TARGET_LOCAL_000,u5,0x80E8,0x80F0,E3 95 A1 2B 75 26 B2 26,main_task_dispatch_table_patched_tail,Physical U5 patch payload for enabled low-address main-task table entries $1C-$1F at $23E0-$23E7: $1C->$95E3 HandleMsPacPromptDrawing; $1D->$2BA1 Credit Display Dispatch; $1E->$2675 Intermission Actor Clear; $1F->$26B2 RenderCreditCountDigits.,"patch_map.csv must map $23E0-$23E7 exactly to U5 $80E8-$80EF and enabled bytes must decode as little-endian targets $95E3,$2BA1,$2675,$26B2."
TARGET_LOCAL_001,u7,0x343E,0x3440,1C 32,mspacman_text_task_argument_pair,RST $28 inline arguments task_id=$1C and text/prompt id=$32 for the patched Ms. Pac-Man prompt/text task.,"Reached RST $28 at $343D; bytes immediately following it are $1C,$32 and execution resumes at $3440."
TARGET_LOCAL_002,u7,0x3458,0x345A,1C 17,mspacman_text_task_argument_pair,RST $28 inline arguments task_id=$1C and text/prompt id=$17 for the patched Ms. Pac-Man prompt/text task.,"Reached RST $28 at $3457; bytes immediately following it are $1C,$17 and execution resumes at $345A."
TARGET_LOCAL_003,u7,0x3472,0x3474,1C 15,mspacman_text_task_argument_pair,RST $28 inline arguments task_id=$1C and text/prompt id=$15 for the patched Ms. Pac-Man prompt/text task.,"Reached RST $28 at $3471; bytes immediately following it are $1C,$15 and execution resumes at $3474."
TARGET_LOCAL_004,u7,0x35F5,0x35F7,1C 30,mspacman_text_task_argument_pair,RST $28 inline arguments task_id=$1C and text/prompt id=$30 for the patched Ms. Pac-Man prompt/text task.,"Reached RST $28 at $35F4; bytes immediately following it are $1C,$30 and execution resumes at $35F7."
TARGET_LOCAL_005,u6,0x9643,0x9645,1C 13,mspacman_text_task_argument_pair,RST $28 inline arguments task_id=$1C and text/prompt id=$13 for the patched Ms. Pac-Man prompt/text task.,"Reached RST $28 at $9642; bytes immediately following it are $1C,$13 and execution resumes at $9645."
TARGET_LOCAL_006,u6,0x9646,0x9648,1C 35,mspacman_text_task_argument_pair,RST $28 inline arguments task_id=$1C and text/prompt id=$35 for the patched Ms. Pac-Man prompt/text task.,"Reached RST $28 at $9645; bytes immediately following it are $1C,$35 and execution resumes at $9648."
TARGET_LOCAL_007,u7,0x3E68,0x3E8A,5F 04 96 3E 8B 3E 0C 00 BD 3E 9C 3E 83 34 A2 3E 88 34 AB 3E 8D 34 B1 3E 92 34 C3 3E B7 3E 97 34 C9 3E,attract_prompt_rst20_dispatch_table,"Seventeen little-endian RST $20 dispatch targets selected by the attract/prompt state at $3E67: $045F,$3E96,$3E8B,$000C,$3EBD,$3E9C,$3483,$3EA2,$3488,$3EAB,$348D,$3EB1,$3492,$3EC3,$3EB7,$3497,$3EC9.","rst20_dispatch_tables.csv must prove site $3E67, table $3E68-$3E89, 17 entries, enabled decoder state, and the exact ordered target list."
TARGET_LOCAL_008,u7,0x3E8C,0x3E8E,1C 0C,mspacman_text_task_argument_pair,RST $28 inline arguments task_id=$1C and text/prompt id=$0C.,"Reached RST $28 at $3E8B; bytes immediately following it are $1C,$0C and execution resumes at $3E8E."
TARGET_LOCAL_009,u7,0x3E9D,0x3E9F,1C 0D,mspacman_text_task_argument_pair,RST $28 inline arguments task_id=$1C and text/prompt id=$0D.,"Reached RST $28 at $3E9C; bytes immediately following it are $1C,$0D and execution resumes at $3E9F."
TARGET_LOCAL_010,u7,0x3EA3,0x3EA5,1C 30,mspacman_text_task_argument_pair,RST $28 inline arguments task_id=$1C and text/prompt id=$30.,"Reached RST $28 at $3EA2; bytes immediately following it are $1C,$30 and execution resumes at $3EA5."
TARGET_LOCAL_011,u7,0x3EA6,0x3EA8,1C 0F,mspacman_text_task_argument_pair,RST $28 inline arguments task_id=$1C and text/prompt id=$0F.,"Reached RST $28 at $3EA5; bytes immediately following it are $1C,$0F and execution resumes at $3EA8."
TARGET_LOCAL_012,u7,0x3EAC,0x3EAE,1C 2F,mspacman_text_task_argument_pair,RST $28 inline arguments task_id=$1C and text/prompt id=$2F.,"Reached RST $28 at $3EAB; bytes immediately following it are $1C,$2F and execution resumes at $3EAE."
TARGET_LOCAL_013,u7,0x3EB2,0x3EB4,1C 31,mspacman_text_task_argument_pair,RST $28 inline arguments task_id=$1C and text/prompt id=$31.,"Reached RST $28 at $3EB1; bytes immediately following it are $1C,$31 and execution resumes at $3EB4."
TARGET_LOCAL_014,u7,0x3EB8,0x3EBA,1C 33,mspacman_text_task_argument_pair,RST $28 inline arguments task_id=$1C and text/prompt id=$33.,"Reached RST $28 at $3EB7; bytes immediately following it are $1C,$33 and execution resumes at $3EBA."
TARGET_LOCAL_015,u7,0x3EBE,0x3EC0,1C 0E,mspacman_text_task_argument_pair,RST $28 inline arguments task_id=$1C and text/prompt id=$0E.,"Reached RST $28 at $3EBD; bytes immediately following it are $1C,$0E and execution resumes at $3EC0."
TARGET_LOCAL_016,u7,0x3EC4,0x3EC6,1C 10,mspacman_text_task_argument_pair,RST $28 inline arguments task_id=$1C and text/prompt id=$10.,"Reached RST $28 at $3EC3; bytes immediately following it are $1C,$10 and execution resumes at $3EC6."
